category_code,section,diagram,group_code,group_name,oem_number,quantity,production_period,applies_for_models,notes,donor_engine_tokens,confidence_statement,required_verification
004,Engine Main,CYLINDER BLOCK,B50604,SCREW-COUNTERSUNK HEAD,801506040,08,02.1997 - 11.1998,EJ18E +EJ20E +EJ25D,,EJ18E;EJ25D,95%+ only after the donor is from the same BG/B11 production range and the OEM/stamped part number matches.,"Confirm donor frame/engine, same OEM number or supersession, production date, side/trim, and physical connector/mounting match."
004,Engine Main,CYLINDER BLOCK,11831,COVER-OIL SEPARATOR,11831AA080,01,02.1997 - 03.1998,EJ18E +EJ20E +EJ25D,-E/#2213361,EJ18E;EJ25D,95%+ only after the donor is from the same BG/B11 production range and the OEM/stamped part number matches.,"Confirm donor frame/engine, same OEM number or supersession, production date, side/trim, and physical connector/mounting match."
004,Engine Main,CYLINDER BLOCK,A70862,BOLT,800708620,06,02.1997 - 11.1998,EJ18E +EJ20E +EJ25D,,EJ18E;EJ25D,95%+ only after the donor is from the same BG/B11 production range and the OEM/stamped part number matches.,"Confirm donor frame/engine, same OEM number or supersession, production date, side/trim, and physical connector/mounting match."
004,Engine Main,CYLINDER BLOCK,25240,SWITCH ASSEMBLY-OIL PRESSURE,25240KA040,01,02.1997 - 11.1998,EJ18E +EJ20E +EJ25D,,EJ18E;EJ25D,95%+ only after the donor is from the same BG/B11 production range and the OEM/stamped part number matches.,"Confirm donor frame/engine, same OEM number or supersession, production date, side/trim, and physical connector/mounting match."
004,Engine Main,CYLINDER BLOCK,G93102,O RING,806931020,01,02.1997 - 11.1998,EJ18E +EJ20E +EJ25D,,EJ18E;EJ25D,95%+ only after the donor is from the same BG/B11 production range and the OEM/stamped part number matches.,"Confirm donor frame/engine, same OEM number or supersession, production date, side/trim, and physical connector/mounting match."
004,Engine Main,CYLINDER BLOCK,G78603,OIL SEAL,806786030,01,02.1997 - 07.1998,EJ18E +EJ20E +EJ25D,,EJ18E;EJ25D,95%+ only after the donor is from the same BG/B11 production range and the OEM/stamped part number matches.,"Confirm donor frame/engine, same OEM number or supersession, production date, side/trim, and physical connector/mounting match."
004,Engine Main,CYLINDER BLOCK,D92801,GASKET,803928010,03,02.1997 - 11.1998,EJ18E +EJ20E +EJ25D,,EJ18E;EJ25D,95%+ only after the donor is from the same BG/B11 production range and the OEM/stamped part number matches.,"Confirm donor frame/engine, same OEM number or supersession, production date, side/trim, and physical connector/mounting match."
004,Engine Main,CYLINDER BLOCK,G78604,OIL SEAL,806786040,01,08.1998 - 11.1998,EJ18E +EJ20E +EJ25D,,EJ18E;EJ25D,95%+ only after the donor is from the same BG/B11 production range and the OEM/stamped part number matches.,"Confirm donor frame/engine, same OEM number or supersession, production date, side/trim, and physical connector/mounting match."
004,Engine Main,CYLINDER BLOCK,11093,COVER-SERVICE HOLE,11093AA000,01,02.1997 - 11.1998,EJ18E +EJ20E +EJ25D,,EJ18E;EJ25D,95%+ only after the donor is from the same BG/B11 production range and the OEM/stamped part number matches.,"Confirm donor frame/engine, same OEM number or supersession, production date, side/trim, and physical connector/mounting match."
004,Engine Main,CYLINDER BLOCK,11021*A,PLUG-CYLINDER BLOCK,11021AA020,03,02.1997 - 11.1998,EJ18E +EJ20E +EJ25D,NO.1,EJ18E;EJ25D,95%+ only after the donor is from the same BG/B11 production range and the OEM/stamped part number matches.,"Confirm donor frame/engine, same OEM number or supersession, production date, side/trim, and physical connector/mounting match."
004,Engine Main,CYLINDER BLOCK,G93203,O RING,806932030,01,02.1997 - 11.1998,EJ18E +EJ20E +EJ25D,,EJ18E;EJ25D,95%+ only after the donor is from the same BG/B11 production range and the OEM/stamped part number matches.,"Confirm donor frame/engine, same OEM number or supersession, production date, side/trim, and physical connector/mounting match."
004,Engine Main,CYLINDER BLOCK,15018,UNION,15018AA021,01,02.1997 - 11.1998,EJ18E +EJ20E +EJ25D,,EJ18E;EJ25D,95%+ only after the donor is from the same BG/B11 production range and the OEM/stamped part number matches.,"Confirm donor frame/engine, same OEM number or supersession, production date, side/trim, and physical connector/mounting match."
004,Engine Main,CYLINDER BLOCK,G91905,O RING,806919050,03,02.1997 - 09.1997,EJ18E +EJ20E +EJ25D,,EJ18E;EJ25D,95%+ only after the donor is from the same BG/B11 production range and the OEM/stamped part number matches.,"Confirm donor frame/engine, same OEM number or supersession, production date, side/trim, and physical connector/mounting match."
004,Engine Main,CYLINDER BLOCK,11021*C,PLUG-CYLINDER BLOCK,11021AA121,01,02.1997 - 11.1998,EJ18E +EJ20E +EJ25D,NO.3,EJ18E;EJ25D,95%+ only after the donor is from the same BG/B11 production range and the OEM/stamped part number matches.,"Confirm donor frame/engine, same OEM number or supersession, production date, side/trim, and physical connector/mounting match."
004,Engine Main,CYLINDER BLOCK,11071,SEAL RING-CYLINDER BLOCK,10991AA000,03,10.1997 - 11.1998,EJ18E +EJ20E +EJ25D,,EJ18E;EJ25D,95%+ only after the donor is from the same BG/B11 production range and the OEM/stamped part number matches.,"Confirm donor frame/engine, same OEM number or supersession, production date, side/trim, and physical connector/mounting match."
004,Engine Main,CYLINDER BLOCK,A7065,BOLT,800706500,01,02.1997 - 11.1998,EJ18E +EJ20E +EJ25D,,EJ18E;EJ25D,95%+ only after the donor is from the same BG/B11 production range and the OEM/stamped part number matches.,"Confirm donor frame/engine, same OEM number or supersession, production date, side/trim, and physical connector/mounting match."
004,Engine Main,CYLINDER BLOCK,11036,BAFFLE-CYLINDER BLOCK,11036AA001,01,02.1997 - 11.1998,EJ18E +EJ20E +EJ25D,,EJ18E;EJ25D,95%+ only after the donor is from the same BG/B11 production range and the OEM/stamped part number matches.,"Confirm donor frame/engine, same OEM number or supersession, production date, side/trim, and physical connector/mounting match."
004,Engine Main,CYLINDER BLOCK,A70863,BOLT,800708630,01,02.1997 - 11.1998,EJ18E +EJ20E +EJ25D,,EJ18E;EJ25D,95%+ only after the donor is from the same BG/B11 production range and the OEM/stamped part number matches.,"Confirm donor frame/engine, same OEM number or supersession, production date, side/trim, and physical connector/mounting match."
004,Engine Main,CYLINDER BLOCK,A50635,BOLT & WASHER ASSEMBLY,800506350,06,02.1997 - 11.1998,EJ18E +EJ20E +EJ25D,,EJ18E;EJ25D,95%+ only after the donor is from the same BG/B11 production range and the OEM/stamped part number matches.,"Confirm donor frame/engine, same OEM number or supersession, production date, side/trim, and physical connector/mounting match."
004,Engine Main,CYLINDER BLOCK,A21099,BOLT,800210990,08,02.1997 - 11.1998,EJ18E +EJ20E +EJ25D,,EJ18E;EJ25D,95%+ only after the donor is from the same BG/B11 production range and the OEM/stamped part number matches.,"Confirm donor frame/engine, same OEM number or supersession, production date, side/trim, and physical connector/mounting match."
004,Engine Main,CYLINDER BLOCK,D01012,WASHER,803010120,04,02.1997 - 11.1998,EJ18E +EJ20E +EJ25D,,EJ18E;EJ25D,95%+ only after the donor is from the same BG/B11 production range and the OEM/stamped part number matches.,"Confirm donor frame/engine, same OEM number or supersession, production date, side/trim, and physical connector/mounting match."
004,Engine Main,CYLINDER BLOCK,11024,PLUG-MAIN GALLERY,11024AA210,01,02.1997 - 11.1998,EJ18E +EJ20E +EJ25D,,EJ18E;EJ25D,95%+ only after the donor is from the same BG/B11 production range and the OEM/stamped part number matches.,"Confirm donor frame/engine, same OEM number or supersession, production date, side/trim, and physical connector/mounting match."
004,Engine Main,CYLINDER BLOCK,A91047,STUD,800910470,02,02.1997 - 11.1998,EJ18E +EJ20E +EJ25D,,EJ18E;EJ25D,95%+ only after the donor is from the same BG/B11 production range and the OEM/stamped part number matches.,"Confirm donor frame/engine, same OEM number or supersession, production date, side/trim, and physical connector/mounting match."
004,Engine Main,CYLINDER BLOCK,11034,WASHER-CYLINDER BLOCK SEALING,11034AA000,06,02.1997 - 11.1998,EJ18E +EJ20E +EJ25D,,EJ18E;EJ25D,95%+ only after the donor is from the same BG/B11 production range and the OEM/stamped part number matches.,"Confirm donor frame/engine, same OEM number or supersession, production date, side/trim, and physical connector/mounting match."
004,Engine Main,CYLINDER BLOCK,E01406,STRAIGHT PIN,804014060,04,02.1997 - 11.1998,EJ18E +EJ20E +EJ25D,,EJ18E;EJ25D,95%+ only after the donor is from the same BG/B11 production range and the OEM/stamped part number matches.,"Confirm donor frame/engine, same OEM number or supersession, production date, side/trim, and physical connector/mounting match."
004,Engine Main,CYLINDER BLOCK,11021*B,PLUG-CYLINDER BLOCK,11021AA111,01,02.1997 - 11.1998,EJ18E +EJ20E +EJ25D,NO.2,EJ18E;EJ25D,95%+ only after the donor is from the same BG/B11 production range and the OEM/stamped part number matches.,"Confirm donor frame/engine, same OEM number or supersession, production date, side/trim, and physical connector/mounting match."
004,Engine Main,CYLINDER BLOCK,A61001,BOLT,800610010,02,02.1997 - 11.1998,EJ18E +EJ20E +EJ25D,,EJ18E;EJ25D,95%+ only after the donor is from the same BG/B11 production range and the OEM/stamped part number matches.,"Confirm donor frame/engine, same OEM number or supersession, production date, side/trim, and physical connector/mounting match."
005,Engine Main,TIMING HOLE PLUG & TRANSMISSION BOLT,C01008,NUT,802010080,02,02.1997 - 11.1998,,EJ18E +MT.EJ20E +GL.EJ20E +EJ25D,EJ18E;EJ25D,95%+ only after the donor is from the same BG/B11 production range and the OEM/stamped part number matches.,"Confirm donor frame/engine, same OEM number or supersession, production date, side/trim, and physical connector/mounting match."
005,Engine Main,TIMING HOLE PLUG & TRANSMISSION BOLT,22442,STAY-BATTERY CABLE,22442AA001,01,02.1997 - 11.1998,,EJ18E +MT.EJ20E +GL.EJ20E +EJ25D,EJ18E;EJ25D,95%+ only after the donor is from the same BG/B11 production range and the OEM/stamped part number matches.,"Confirm donor frame/engine, same OEM number or supersession, production date, side/trim, and physical connector/mounting match."
005,Engine Main,TIMING HOLE PLUG & TRANSMISSION BOLT,11413,PLUG-TIMING HOLE,11413AA032,01,02.1997 - 11.1998,,EJ20E +EJ25D,EJ25D,95%+ only after the donor is from the same BG/B11 production range and the OEM/stamped part number matches.,"Confirm donor frame/engine, same OEM number or supersession, production date, side/trim, and physical connector/mounting match."
005,Engine Main,TIMING HOLE PLUG & TRANSMISSION BOLT,D01012,WASHER,803010120,02,05.1998 - 11.1998,10.5X18X2.0,EJ18E +MT.EJ20E +GL.EJ20E +EJ25D,EJ18E;EJ25D,95%+ only after the donor is from the same BG/B11 production range and the OEM/stamped part number matches.,"Confirm donor frame/engine, same OEM number or supersession, production date, side/trim, and physical connector/mounting match."
005,Engine Main,TIMING HOLE PLUG & TRANSMISSION BOLT,A61003,BOLT,800610030,02,02.1997 - 04.1998,,MT.(EJ18E+EJ20E+EJ25D),EJ18E;EJ25D,95%+ only after the donor is from the same BG/B11 production range and the OEM/stamped part number matches.,"Confirm donor frame/engine, same OEM number or supersession, production date, side/trim, and physical connector/mounting match."
005,Engine Main,TIMING HOLE PLUG & TRANSMISSION BOLT,A51006,BOLT & WASHER ASSEMBLY,800510060,02,05.1998 - 11.1998,,MT.(EJ18E+EJ20E+EJ25D),EJ18E;EJ25D,95%+ only after the donor is from the same BG/B11 production range and the OEM/stamped part number matches.,"Confirm donor frame/engine, same OEM number or supersession, production date, side/trim, and physical connector/mounting match."
010,Engine Main,PISTON & CRANKSHAFT,F32304,CIRCLIP-INNER,805323040,08,,EJ18E +EJ20E +EJ25D,,EJ18E;EJ25D,95%+ only after the donor is from the same BG/B11 production range and the OEM/stamped part number matches.,"Confirm donor frame/engine, same OEM number or supersession, production date, side/trim, and physical connector/mounting match."
010,Engine Main,PISTON & CRANKSHAFT,12113,BUSHING-CONNECTING ROD,12113AA031,04,,EJ18E +EJ20E +EJ25D,,EJ18E;EJ25D,95%+ only after the donor is from the same BG/B11 production range and the OEM/stamped part number matches.,"Confirm donor frame/engine, same OEM number or supersession, production date, side/trim, and physical connector/mounting match."
010,Engine Main,PISTON & CRANKSHAFT,C00901,NUT,802009010,08,,EJ18E +EJ20E +EJ25D,,EJ18E;EJ25D,95%+ only after the donor is from the same BG/B11 production range and the OEM/stamped part number matches.,"Confirm donor frame/engine, same OEM number or supersession, production date, side/trim, and physical connector/mounting match."
010,Engine Main,PISTON & CRANKSHAFT,12209,BEARING SET-CRANKSHAFT,12209AA190,*,"US,0.25",EJ18E +EJ20E +EJ25D,-E/#2213361,EJ18E;EJ25D,95%+ only after the donor is from the same BG/B11 production range and the OEM/stamped part number matches.,"Confirm donor frame/engine, same OEM number or supersession, production date, side/trim, and physical connector/mounting match."
010,Engine Main,PISTON & CRANKSHAFT,12209,BEARING SET-CRANKSHAFT,12209AA230,*,"US,0.25 (#5 THR-BER)",EJ18E +EJ20E +EJ25D,E/#2213362-,EJ18E;EJ25D,95%+ only after the donor is from the same BG/B11 production range and the OEM/stamped part number matches.,"Confirm donor frame/engine, same OEM number or supersession, production date, side/trim, and physical connector/mounting match."
010,Engine Main,PISTON & CRANKSHAFT,12209,BEARING SET-CRANKSHAFT,12209AA210,*,"US,0.03 (#5 THR-BER)",EJ18E +EJ20E +EJ25D,E/#2213362-,EJ18E;EJ25D,95%+ only after the donor is from the same BG/B11 production range and the OEM/stamped part number matches.,"Confirm donor frame/engine, same OEM number or supersession, production date, side/trim, and physical connector/mounting match."
010,Engine Main,PISTON & CRANKSHAFT,12209,BEARING SET-CRANKSHAFT,12209AA200,01,STD(#5THRUST BEARING,EJ18E +EJ20E +EJ25D,E/#2213362-,EJ18E;EJ25D,95%+ only after the donor is from the same BG/B11 production range and the OEM/stamped part number matches.,"Confirm donor frame/engine, same OEM number or supersession, production date, side/trim, and physical connector/mounting match."
010,Engine Main,PISTON & CRANKSHAFT,12209,BEARING SET-CRANKSHAFT,12209AA220,*,"US,0.05 (#5 THU-BER)",EJ18E +EJ20E +EJ25D,E/#2213362-,EJ18E;EJ25D,95%+ only after the donor is from the same BG/B11 production range and the OEM/stamped part number matches.,"Confirm donor frame/engine, same OEM number or supersession, production date, side/trim, and physical connector/mounting match."
010,Engine Main,PISTON & CRANKSHAFT,12209,BEARING SET-CRANKSHAFT,12209AA180,*,"US,0.05",EJ18E +EJ20E +EJ25D,-E/#2213361,EJ18E;EJ25D,95%+ only after the donor is from the same BG/B11 production range and the OEM/stamped part number matches.,"Confirm donor frame/engine, same OEM number or supersession, production date, side/trim, and physical connector/mounting match."
010,Engine Main,PISTON & CRANKSHAFT,12209,BEARING SET-CRANKSHAFT,12209AA170,*,"US,0.03",EJ18E +EJ20E +EJ25D,-E/#2213361,EJ18E;EJ25D,95%+ only after the donor is from the same BG/B11 production range and the OEM/stamped part number matches.,"Confirm donor frame/engine, same OEM number or supersession, production date, side/trim, and physical connector/mounting match."
010,Engine Main,PISTON & CRANKSHAFT,12209,BEARING SET-CRANKSHAFT,12209AA000,01,STD,EJ18E +EJ20E +EJ25D,,EJ18E;EJ25D,95%+ only after the donor is from the same BG/B11 production range and the OEM/stamped part number matches.,"Confirm donor frame/engine, same OEM number or supersession, production date, side/trim, and physical connector/mounting match."
010,Engine Main,PISTON & CRANKSHAFT,12209,BEARING SET-CRANKSHAFT,12209AA160,01,STD,EJ18E +EJ20E +EJ25D,-E/#2213361,EJ18E;EJ25D,95%+ only after the donor is from the same BG/B11 production range and the OEM/stamped part number matches.,"Confirm donor frame/engine, same OEM number or supersession, production date, side/trim, and physical connector/mounting match."
010,Engine Main,PISTON & CRANKSHAFT,12209,BEARING SET-CRANKSHAFT,12209AA010,*,"US,0.03",EJ18E +EJ20E +EJ25D,,EJ18E;EJ25D,95%+ only after the donor is from the same BG/B11 production range and the OEM/stamped part number matches.,"Confirm donor frame/engine, same OEM number or supersession, production date, side/trim, and physical connector/mounting match."
010,Engine Main,PISTON & CRANKSHAFT,12209,BEARING SET-CRANKSHAFT,12209AA020,*,"US,0.05",EJ18E +EJ20E +EJ25D,,EJ18E;EJ25D,95%+ only after the donor is from the same BG/B11 production range and the OEM/stamped part number matches.,"Confirm donor frame/engine, same OEM number or supersession, production date, side/trim, and physical connector/mounting match."
010,Engine Main,PISTON & CRANKSHAFT,12209,BEARING SET-CRANKSHAFT,12209AA030,*,"US,0.25",EJ18E +EJ20E +EJ25D,,EJ18E;EJ25D,95%+ only after the donor is from the same BG/B11 production range and the OEM/stamped part number matches.,"Confirm donor frame/engine, same OEM number or supersession, production date, side/trim, and physical connector/mounting match."
010,Engine Main,PISTON & CRANKSHAFT,12213,BEARING SET-MAIN,12213AA190,*,"US,0.25 (#5 THR-BER)",EJ18E +EJ20E +EJ25D,E/#2213362-,EJ18E;EJ25D,95%+ only after the donor is from the same BG/B11 production range and the OEM/stamped part number matches.,"Confirm donor frame/engine, same OEM number or supersession, production date, side/trim, and physical connector/mounting match."
010,Engine Main,PISTON & CRANKSHAFT,12213,BEARING SET-MAIN,12213AA180,*,"US,0.05 (#5 THR-BER)",EJ18E +EJ20E +EJ25D,E/#2213362-,EJ18E;EJ25D,95%+ only after the donor is from the same BG/B11 production range and the OEM/stamped part number matches.,"Confirm donor frame/engine, same OEM number or supersession, production date, side/trim, and physical connector/mounting match."
010,Engine Main,PISTON & CRANKSHAFT,12213,BEARING SET-MAIN,12213AA170,*,"US,0.03 (#5 THR-BER)",EJ18E +EJ20E +EJ25D,E/#2213362-,EJ18E;EJ25D,95%+ only after the donor is from the same BG/B11 production range and the OEM/stamped part number matches.,"Confirm donor frame/engine, same OEM number or supersession, production date, side/trim, and physical connector/mounting match."
010,Engine Main,PISTON & CRANKSHAFT,12213,BEARING SET-MAIN,12213AA160,01,STD(#5THRUST BEARING,EJ18E +EJ20E +EJ25D,E/#2213362-,EJ18E;EJ25D,95%+ only after the donor is from the same BG/B11 production range and the OEM/stamped part number matches.,"Confirm donor frame/engine, same OEM number or supersession, production date, side/trim, and physical connector/mounting match."
010,Engine Main,PISTON & CRANKSHAFT,12213,BEARING SET-MAIN,12213AA150,*,"US,0.25",EJ18E +EJ20E +EJ25D,-E/#2213361,EJ18E;EJ25D,95%+ only after the donor is from the same BG/B11 production range and the OEM/stamped part number matches.,"Confirm donor frame/engine, same OEM number or supersession, production date, side/trim, and physical connector/mounting match."
010,Engine Main,PISTON & CRANKSHAFT,12213,BEARING SET-MAIN,12213AA140,*,"US,0.05",EJ18E +EJ20E +EJ25D,-E/#2213361,EJ18E;EJ25D,95%+ only after the donor is from the same BG/B11 production range and the OEM/stamped part number matches.,"Confirm donor frame/engine, same OEM number or supersession, production date, side/trim, and physical connector/mounting match."
010,Engine Main,PISTON & CRANKSHAFT,12213,BEARING SET-MAIN,12213AA130,*,"US,0.03",EJ18E +EJ20E +EJ25D,-E/#2213361,EJ18E;EJ25D,95%+ only after the donor is from the same BG/B11 production range and the OEM/stamped part number matches.,"Confirm donor frame/engine, same OEM number or supersession, production date, side/trim, and physical connector/mounting match."
010,Engine Main,PISTON & CRANKSHAFT,12213,BEARING SET-MAIN,12213AA030,*,"US,0.25",EJ18E +EJ20E +EJ25D,,EJ18E;EJ25D,95%+ only after the donor is from the same BG/B11 production range and the OEM/stamped part number matches.,"Confirm donor frame/engine, same OEM number or supersession, production date, side/trim, and physical connector/mounting match."
010,Engine Main,PISTON & CRANKSHAFT,12213,BEARING SET-MAIN,12213AA120,01,STD,EJ18E +EJ20E +EJ25D,-E/#2213361,EJ18E;EJ25D,95%+ only after the donor is from the same BG/B11 production range and the OEM/stamped part number matches.,"Confirm donor frame/engine, same OEM number or supersession, production date, side/trim, and physical connector/mounting match."
010,Engine Main,PISTON & CRANKSHAFT,12213,BEARING SET-MAIN,12213AA010,*,"US,0.03",EJ18E +EJ20E +EJ25D,,EJ18E;EJ25D,95%+ only after the donor is from the same BG/B11 production range and the OEM/stamped part number matches.,"Confirm donor frame/engine, same OEM number or supersession, production date, side/trim, and physical connector/mounting match."
010,Engine Main,PISTON & CRANKSHAFT,12213,BEARING SET-MAIN,12213AA000,01,STD,EJ18E +EJ20E +EJ25D,,EJ18E;EJ25D,95%+ only after the donor is from the same BG/B11 production range and the OEM/stamped part number matches.,"Confirm donor frame/engine, same OEM number or supersession, production date, side/trim, and physical connector/mounting match."
010,Engine Main,PISTON & CRANKSHAFT,12213,BEARING SET-MAIN,12213AA020,*,"US,0.05",EJ18E +EJ20E +EJ25D,,EJ18E;EJ25D,95%+ only after the donor is from the same BG/B11 production range and the OEM/stamped part number matches.,"Confirm donor frame/engine, same OEM number or supersession, production date, side/trim, and physical connector/mounting match."
010,Engine Main,PISTON & CRANKSHAFT,12211,"BEARING SET-MAIN,NO.1",12211AA040,02,STD,EJ18E +EJ20E +EJ25D,,EJ18E;EJ25D,95%+ only after the donor is from the same BG/B11 production range and the OEM/stamped part number matches.,"Confirm donor frame/engine, same OEM number or supersession, production date, side/trim, and physical connector/mounting match."
010,Engine Main,PISTON & CRANKSHAFT,12211,"BEARING SET-MAIN,NO.1",12211AA070,*,"US,0.25",EJ18E +EJ20E +EJ25D,,EJ18E;EJ25D,95%+ only after the donor is from the same BG/B11 production range and the OEM/stamped part number matches.,"Confirm donor frame/engine, same OEM number or supersession, production date, side/trim, and physical connector/mounting match."
010,Engine Main,PISTON & CRANKSHAFT,12211,"BEARING SET-MAIN,NO.1",12211AA060,*,"US,0.05",EJ18E +EJ20E +EJ25D,,EJ18E;EJ25D,95%+ only after the donor is from the same BG/B11 production range and the OEM/stamped part number matches.,"Confirm donor frame/engine, same OEM number or supersession, production date, side/trim, and physical connector/mounting match."
010,Engine Main,PISTON & CRANKSHAFT,12211,"BEARING SET-MAIN,NO.1",12211AA050,*,"US,0.03",EJ18E +EJ20E +EJ25D,,EJ18E;EJ25D,95%+ only after the donor is from the same BG/B11 production range and the OEM/stamped part number matches.,"Confirm donor frame/engine, same OEM number or supersession, production date, side/trim, and physical connector/mounting match."
010,Engine Main,PISTON & CRANKSHAFT,12212,"BEARING SET-MAIN,NO.2",12212AA070,*,"US,0.25",EJ18E +EJ20E +EJ25D,,EJ18E;EJ25D,95%+ only after the donor is from the same BG/B11 production range and the OEM/stamped part number matches.,"Confirm donor frame/engine, same OEM number or supersession, production date, side/trim, and physical connector/mounting match."
010,Engine Main,PISTON & CRANKSHAFT,12212,"BEARING SET-MAIN,NO.2",12212AA060,*,"US,0.05",EJ18E +EJ20E +EJ25D,,EJ18E;EJ25D,95%+ only after the donor is from the same BG/B11 production range and the OEM/stamped part number matches.,"Confirm donor frame/engine, same OEM number or supersession, production date, side/trim, and physical connector/mounting match."
010,Engine Main,PISTON & CRANKSHAFT,12212,"BEARING SET-MAIN,NO.2",12212AA050,*,"US,0.03",EJ18E +EJ20E +EJ25D,,EJ18E;EJ25D,95%+ only after the donor is from the same BG/B11 production range and the OEM/stamped part number matches.,"Confirm donor frame/engine, same OEM number or supersession, production date, side/trim, and physical connector/mounting match."
010,Engine Main,PISTON & CRANKSHAFT,12212,"BEARING SET-MAIN,NO.2",12212AA040,02,STD,EJ18E +EJ20E +EJ25D,,EJ18E;EJ25D,95%+ only after the donor is from the same BG/B11 production range and the OEM/stamped part number matches.,"Confirm donor frame/engine, same OEM number or supersession, production date, side/trim, and physical connector/mounting match."
010,Engine Main,PISTON & CRANKSHAFT,E50506,WOOD RUF KEY,804505060,01,5X6.5X16,EJ18E +EJ20E +EJ25D,,EJ18E;EJ25D,95%+ only after the donor is from the same BG/B11 production range and the OEM/stamped part number matches.,"Confirm donor frame/engine, same OEM number or supersession, production date, side/trim, and physical connector/mounting match."
010,Engine Main,PISTON & CRANKSHAFT,13021,SPROCKET-CRANKSHAFT,13021AA090,01,,EJ20E +EJ25D,,EJ25D,95%+ only after the donor is from the same BG/B11 production range and the OEM/stamped part number matches.,"Confirm donor frame/engine, same OEM number or supersession, production date, side/trim, and physical connector/mounting match."
010,Engine Main,PISTON & CRANKSHAFT,13021,SPROCKET-CRANKSHAFT,13021AA091,01,,EJ20E +EJ25D,,EJ25D,95%+ only after the donor is from the same BG/B11 production range and the OEM/stamped part number matches.,"Confirm donor frame/engine, same OEM number or supersession, production date, side/trim, and physical connector/mounting match."
010,Engine Main,PISTON & CRANKSHAFT,12113,BUSHING-CONNECTING ROD,12113AA031,04,,EJ18E +EJ20E +EJ25D,,EJ18E;EJ25D,95%+ only after the donor is from the same BG/B11 production range and the OEM/stamped part number matches.,"Confirm donor frame/engine, same OEM number or supersession, production date, side/trim, and physical connector/mounting match."
010,Engine Main,PISTON & CRANKSHAFT,F32304,CIRCLIP-INNER,805323040,08,,EJ18E +EJ20E +EJ25D,,EJ18E;EJ25D,95%+ only after the donor is from the same BG/B11 production range and the OEM/stamped part number matches.,"Confirm donor frame/engine, same OEM number or supersession, production date, side/trim, and physical connector/mounting match."
010,Engine Main,PISTON & CRANKSHAFT,C00901,NUT,802009010,08,,EJ18E +EJ20E +EJ25D,,EJ18E;EJ25D,95%+ only after the donor is from the same BG/B11 production range and the OEM/stamped part number matches.,"Confirm donor frame/engine, same OEM number or supersession, production date, side/trim, and physical connector/mounting match."
010,Engine Main,PISTON & CRANKSHAFT,12209,BEARING SET-CRANKSHAFT,12209AA200,01,STD(#5THRUST BEARING,EJ18E +EJ20E +EJ25D,E/#2213362-,EJ18E;EJ25D,95%+ only after the donor is from the same BG/B11 production range and the OEM/stamped part number matches.,"Confirm donor frame/engine, same OEM number or supersession, production date, side/trim, and physical connector/mounting match."
010,Engine Main,PISTON & CRANKSHAFT,12209,BEARING SET-CRANKSHAFT,12209AA230,*,"US,0.25 (#5 THR-BER)",EJ18E +EJ20E +EJ25D,E/#2213362-,EJ18E;EJ25D,95%+ only after the donor is from the same BG/B11 production range and the OEM/stamped part number matches.,"Confirm donor frame/engine, same OEM number or supersession, production date, side/trim, and physical connector/mounting match."
010,Engine Main,PISTON & CRANKSHAFT,12209,BEARING SET-CRANKSHAFT,12209AA220,*,"US,0.05 (#5 THU-BER)",EJ18E +EJ20E +EJ25D,E/#2213362-,EJ18E;EJ25D,95%+ only after the donor is from the same BG/B11 production range and the OEM/stamped part number matches.,"Confirm donor frame/engine, same OEM number or supersession, production date, side/trim, and physical connector/mounting match."
010,Engine Main,PISTON & CRANKSHAFT,12209,BEARING SET-CRANKSHAFT,12209AA210,*,"US,0.03 (#5 THR-BER)",EJ18E +EJ20E +EJ25D,E/#2213362-,EJ18E;EJ25D,95%+ only after the donor is from the same BG/B11 production range and the OEM/stamped part number matches.,"Confirm donor frame/engine, same OEM number or supersession, production date, side/trim, and physical connector/mounting match."
010,Engine Main,PISTON & CRANKSHAFT,12209,BEARING SET-CRANKSHAFT,12209AA160,01,STD,EJ18E +EJ20E +EJ25D,-E/#2213361,EJ18E;EJ25D,95%+ only after the donor is from the same BG/B11 production range and the OEM/stamped part number matches.,"Confirm donor frame/engine, same OEM number or supersession, production date, side/trim, and physical connector/mounting match."
010,Engine Main,PISTON & CRANKSHAFT,12209,BEARING SET-CRANKSHAFT,12209AA190,*,"US,0.25",EJ18E +EJ20E +EJ25D,-E/#2213361,EJ18E;EJ25D,95%+ only after the donor is from the same BG/B11 production range and the OEM/stamped part number matches.,"Confirm donor frame/engine, same OEM number or supersession, production date, side/trim, and physical connector/mounting match."
010,Engine Main,PISTON & CRANKSHAFT,12209,BEARING SET-CRANKSHAFT,12209AA180,*,"US,0.05",EJ18E +EJ20E +EJ25D,-E/#2213361,EJ18E;EJ25D,95%+ only after the donor is from the same BG/B11 production range and the OEM/stamped part number matches.,"Confirm donor frame/engine, same OEM number or supersession, production date, side/trim, and physical connector/mounting match."
010,Engine Main,PISTON & CRANKSHAFT,12209,BEARING SET-CRANKSHAFT,12209AA170,*,"US,0.03",EJ18E +EJ20E +EJ25D,-E/#2213361,EJ18E;EJ25D,95%+ only after the donor is from the same BG/B11 production range and the OEM/stamped part number matches.,"Confirm donor frame/engine, same OEM number or supersession, production date, side/trim, and physical connector/mounting match."
010,Engine Main,PISTON & CRANKSHAFT,12209,BEARING SET-CRANKSHAFT,12209AA030,*,"US,0.25",EJ18E +EJ20E +EJ25D,,EJ18E;EJ25D,95%+ only after the donor is from the same BG/B11 production range and the OEM/stamped part number matches.,"Confirm donor frame/engine, same OEM number or supersession, production date, side/trim, and physical connector/mounting match."
010,Engine Main,PISTON & CRANKSHAFT,12209,BEARING SET-CRANKSHAFT,12209AA020,*,"US,0.05",EJ18E +EJ20E +EJ25D,,EJ18E;EJ25D,95%+ only after the donor is from the same BG/B11 production range and the OEM/stamped part number matches.,"Confirm donor frame/engine, same OEM number or supersession, production date, side/trim, and physical connector/mounting match."
010,Engine Main,PISTON & CRANKSHAFT,12209,BEARING SET-CRANKSHAFT,12209AA000,01,STD,EJ18E +EJ20E +EJ25D,,EJ18E;EJ25D,95%+ only after the donor is from the same BG/B11 production range and the OEM/stamped part number matches.,"Confirm donor frame/engine, same OEM number or supersession, production date, side/trim, and physical connector/mounting match."
010,Engine Main,PISTON & CRANKSHAFT,12209,BEARING SET-CRANKSHAFT,12209AA010,*,"US,0.03",EJ18E +EJ20E +EJ25D,,EJ18E;EJ25D,95%+ only after the donor is from the same BG/B11 production range and the OEM/stamped part number matches.,"Confirm donor frame/engine, same OEM number or supersession, production date, side/trim, and physical connector/mounting match."
010,Engine Main,PISTON & CRANKSHAFT,12213,BEARING SET-MAIN,12213AA190,*,"US,0.25 (#5 THR-BER)",EJ18E +EJ20E +EJ25D,E/#2213362-,EJ18E;EJ25D,95%+ only after the donor is from the same BG/B11 production range and the OEM/stamped part number matches.,"Confirm donor frame/engine, same OEM number or supersession, production date, side/trim, and physical connector/mounting match."
010,Engine Main,PISTON & CRANKSHAFT,12213,BEARING SET-MAIN,12213AA180,*,"US,0.05 (#5 THR-BER)",EJ18E +EJ20E +EJ25D,E/#2213362-,EJ18E;EJ25D,95%+ only after the donor is from the same BG/B11 production range and the OEM/stamped part number matches.,"Confirm donor frame/engine, same OEM number or supersession, production date, side/trim, and physical connector/mounting match."
010,Engine Main,PISTON & CRANKSHAFT,12213,BEARING SET-MAIN,12213AA170,*,"US,0.03 (#5 THR-BER)",EJ18E +EJ20E +EJ25D,E/#2213362-,EJ18E;EJ25D,95%+ only after the donor is from the same BG/B11 production range and the OEM/stamped part number matches.,"Confirm donor frame/engine, same OEM number or supersession, production date, side/trim, and physical connector/mounting match."
010,Engine Main,PISTON & CRANKSHAFT,12213,BEARING SET-MAIN,12213AA160,01,STD(#5THRUST BEARING,EJ18E +EJ20E +EJ25D,E/#2213362-,EJ18E;EJ25D,95%+ only after the donor is from the same BG/B11 production range and the OEM/stamped part number matches.,"Confirm donor frame/engine, same OEM number or supersession, production date, side/trim, and physical connector/mounting match."
010,Engine Main,PISTON & CRANKSHAFT,12213,BEARING SET-MAIN,12213AA150,*,"US,0.25",EJ18E +EJ20E +EJ25D,-E/#2213361,EJ18E;EJ25D,95%+ only after the donor is from the same BG/B11 production range and the OEM/stamped part number matches.,"Confirm donor frame/engine, same OEM number or supersession, production date, side/trim, and physical connector/mounting match."
010,Engine Main,PISTON & CRANKSHAFT,12213,BEARING SET-MAIN,12213AA140,*,"US,0.05",EJ18E +EJ20E +EJ25D,-E/#2213361,EJ18E;EJ25D,95%+ only after the donor is from the same BG/B11 production range and the OEM/stamped part number matches.,"Confirm donor frame/engine, same OEM number or supersession, production date, side/trim, and physical connector/mounting match."
010,Engine Main,PISTON & CRANKSHAFT,12213,BEARING SET-MAIN,12213AA130,*,"US,0.03",EJ18E +EJ20E +EJ25D,-E/#2213361,EJ18E;EJ25D,95%+ only after the donor is from the same BG/B11 production range and the OEM/stamped part number matches.,"Confirm donor frame/engine, same OEM number or supersession, production date, side/trim, and physical connector/mounting match."
010,Engine Main,PISTON & CRANKSHAFT,12213,BEARING SET-MAIN,12213AA120,01,STD,EJ18E +EJ20E +EJ25D,-E/#2213361,EJ18E;EJ25D,95%+ only after the donor is from the same BG/B11 production range and the OEM/stamped part number matches.,"Confirm donor frame/engine, same OEM number or supersession, production date, side/trim, and physical connector/mounting match."
010,Engine Main,PISTON & CRANKSHAFT,12213,BEARING SET-MAIN,12213AA020,*,"US,0.05",EJ18E +EJ20E +EJ25D,,EJ18E;EJ25D,95%+ only after the donor is from the same BG/B11 production range and the OEM/stamped part number matches.,"Confirm donor frame/engine, same OEM number or supersession, production date, side/trim, and physical connector/mounting match."
010,Engine Main,PISTON & CRANKSHAFT,12213,BEARING SET-MAIN,12213AA030,*,"US,0.25",EJ18E +EJ20E +EJ25D,,EJ18E;EJ25D,95%+ only after the donor is from the same BG/B11 production range and the OEM/stamped part number matches.,"Confirm donor frame/engine, same OEM number or supersession, production date, side/trim, and physical connector/mounting match."
010,Engine Main,PISTON & CRANKSHAFT,12213,BEARING SET-MAIN,12213AA010,*,"US,0.03",EJ18E +EJ20E +EJ25D,,EJ18E;EJ25D,95%+ only after the donor is from the same BG/B11 production range and the OEM/stamped part number matches.,"Confirm donor frame/engine, same OEM number or supersession, production date, side/trim, and physical connector/mounting match."
010,Engine Main,PISTON & CRANKSHAFT,12213,BEARING SET-MAIN,12213AA000,01,STD,EJ18E +EJ20E +EJ25D,,EJ18E;EJ25D,95%+ only after the donor is from the same BG/B11 production range and the OEM/stamped part number matches.,"Confirm donor frame/engine, same OEM number or supersession, production date, side/trim, and physical connector/mounting match."
010,Engine Main,PISTON & CRANKSHAFT,12211,"BEARING SET-MAIN,NO.1",12211AA070,*,"US,0.25",EJ18E +EJ20E +EJ25D,,EJ18E;EJ25D,95%+ only after the donor is from the same BG/B11 production range and the OEM/stamped part number matches.,"Confirm donor frame/engine, same OEM number or supersession, production date, side/trim, and physical connector/mounting match."
010,Engine Main,PISTON & CRANKSHAFT,12211,"BEARING SET-MAIN,NO.1",12211AA050,*,"US,0.03",EJ18E +EJ20E +EJ25D,,EJ18E;EJ25D,95%+ only after the donor is from the same BG/B11 production range and the OEM/stamped part number matches.,"Confirm donor frame/engine, same OEM number or supersession, production date, side/trim, and physical connector/mounting match."
010,Engine Main,PISTON & CRANKSHAFT,12211,"BEARING SET-MAIN,NO.1",12211AA040,02,STD,EJ18E +EJ20E +EJ25D,,EJ18E;EJ25D,95%+ only after the donor is from the same BG/B11 production range and the OEM/stamped part number matches.,"Confirm donor frame/engine, same OEM number or supersession, production date, side/trim, and physical connector/mounting match."
010,Engine Main,PISTON & CRANKSHAFT,12211,"BEARING SET-MAIN,NO.1",12211AA060,*,"US,0.05",EJ18E +EJ20E +EJ25D,,EJ18E;EJ25D,95%+ only after the donor is from the same BG/B11 production range and the OEM/stamped part number matches.,"Confirm donor frame/engine, same OEM number or supersession, production date, side/trim, and physical connector/mounting match."
010,Engine Main,PISTON & CRANKSHAFT,12212,"BEARING SET-MAIN,NO.2",12212AA070,*,"US,0.25",EJ18E +EJ20E +EJ25D,,EJ18E;EJ25D,95%+ only after the donor is from the same BG/B11 production range and the OEM/stamped part number matches.,"Confirm donor frame/engine, same OEM number or supersession, production date, side/trim, and physical connector/mounting match."
010,Engine Main,PISTON & CRANKSHAFT,12212,"BEARING SET-MAIN,NO.2",12212AA060,*,"US,0.05",EJ18E +EJ20E +EJ25D,,EJ18E;EJ25D,95%+ only after the donor is from the same BG/B11 production range and the OEM/stamped part number matches.,"Confirm donor frame/engine, same OEM number or supersession, production date, side/trim, and physical connector/mounting match."
010,Engine Main,PISTON & CRANKSHAFT,12212,"BEARING SET-MAIN,NO.2",12212AA050,*,"US,0.03",EJ18E +EJ20E +EJ25D,,EJ18E;EJ25D,95%+ only after the donor is from the same BG/B11 production range and the OEM/stamped part number matches.,"Confirm donor frame/engine, same OEM number or supersession, production date, side/trim, and physical connector/mounting match."
010,Engine Main,PISTON & CRANKSHAFT,12212,"BEARING SET-MAIN,NO.2",12212AA040,02,STD,EJ18E +EJ20E +EJ25D,,EJ18E;EJ25D,95%+ only after the donor is from the same BG/B11 production range and the OEM/stamped part number matches.,"Confirm donor frame/engine, same OEM number or supersession, production date, side/trim, and physical connector/mounting match."
010,Engine Main,PISTON & CRANKSHAFT,E50506,WOOD RUF KEY,804505060,01,5X6.5X16,EJ18E +EJ20E +EJ25D,,EJ18E;EJ25D,95%+ only after the donor is from the same BG/B11 production range and the OEM/stamped part number matches.,"Confirm donor frame/engine, same OEM number or supersession, production date, side/trim, and physical connector/mounting match."
010,Engine Main,PISTON & CRANKSHAFT,13021,SPROCKET-CRANKSHAFT,13021AA090,01,,EJ20E +EJ25D,,EJ25D,95%+ only after the donor is from the same BG/B11 production range and the OEM/stamped part number matches.,"Confirm donor frame/engine, same OEM number or supersession, production date, side/trim, and physical connector/mounting match."
010,Engine Main,PISTON & CRANKSHAFT,13021,SPROCKET-CRANKSHAFT,13021AA091,01,,EJ20E +EJ25D,,EJ25D,95%+ only after the donor is from the same BG/B11 production range and the OEM/stamped part number matches.,"Confirm donor frame/engine, same OEM number or supersession, production date, side/trim, and physical connector/mounting match."
011,Engine Main,FLYWHEEL,A21066,BOLT,800210660,08,02.1997 - 11.1998,,MT.(EJ18E+EJ20E+EJ25D),EJ18E;EJ25D,95%+ only after the donor is from the same BG/B11 production range and the OEM/stamped part number matches.,"Confirm donor frame/engine, same OEM number or supersession, production date, side/trim, and physical connector/mounting match."
011,Engine Main,FLYWHEEL,G21202,BALL BEARING,806212020,01,02.1997 - 11.1998,,MT.(EJ18E+EJ20E+EJ25D),EJ18E;EJ25D,95%+ only after the donor is from the same BG/B11 production range and the OEM/stamped part number matches.,"Confirm donor frame/engine, same OEM number or supersession, production date, side/trim, and physical connector/mounting match."
011,Engine Main,FLYWHEEL,30216,COVER COMPLETE-CLUTCH HOUSING,30216AA000,01,02.1997 - 02.1998,,MT.(EJ18E+EJ20E+EJ25D),EJ18E;EJ25D,95%+ only after the donor is from the same BG/B11 production range and the OEM/stamped part number matches.,"Confirm donor frame/engine, same OEM number or supersession, production date, side/trim, and physical connector/mounting match."
011,Engine Main,FLYWHEEL,30216,COVER COMPLETE-CLUTCH HOUSING,30216AA020,01,03.1998 - 11.1998,,MT.(EJ18E+EJ20E+EJ25D),EJ18E;EJ25D,95%+ only after the donor is from the same BG/B11 production range and the OEM/stamped part number matches.,"Confirm donor frame/engine, same OEM number or supersession, production date, side/trim, and physical connector/mounting match."
011,Engine Main,FLYWHEEL,A50635,BOLT & WASHER ASSEMBLY,800506350,02,02.1997 - 11.1998,6X13X13,MT.(EJ18E+EJ20E+EJ25D),EJ18E;EJ25D,95%+ only after the donor is from the same BG/B11 production range and the OEM/stamped part number matches.,"Confirm donor frame/engine, same OEM number or supersession, production date, side/trim, and physical connector/mounting match."
030,Engine Main,OIL FILLER DUCT,15255,CAP COMPLETE-OIL FILLER,15255AA022,01,02.1997 - 11.1998,,EJ18E +EJ20E +EJ25D,EJ18E;EJ25D,95%+ only after the donor is from the same BG/B11 production range and the OEM/stamped part number matches.,"Confirm donor frame/engine, same OEM number or supersession, production date, side/trim, and physical connector/mounting match."
030,Engine Main,OIL FILLER DUCT,D94201,GASKET,803942010,01,02.1997 - 11.1998,42X51X8.5,EJ18E +EJ20E +EJ25D,EJ18E;EJ25D,95%+ only after the donor is from the same BG/B11 production range and the OEM/stamped part number matches.,"Confirm donor frame/engine, same OEM number or supersession, production date, side/trim, and physical connector/mounting match."
030,Engine Main,OIL FILLER DUCT,G92306,O RING,806923060,01,02.1997 - 11.1998,,EJ18E +EJ20E +EJ25D,EJ18E;EJ25D,95%+ only after the donor is from the same BG/B11 production range and the OEM/stamped part number matches.,"Confirm donor frame/engine, same OEM number or supersession, production date, side/trim, and physical connector/mounting match."
031,Engine Main,OIL PAN,G90808,O RING,806908080,01,02.1997 - 11.1998,,EJ18E +EJ20E +EJ25D,EJ18E;EJ25D,95%+ only after the donor is from the same BG/B11 production range and the OEM/stamped part number matches.,"Confirm donor frame/engine, same OEM number or supersession, production date, side/trim, and physical connector/mounting match."
031,Engine Main,OIL PAN,11140,GAUGE COMPLETE-OIL LEVEL,11140AA046,01,02.1997 - 11.1998,,EJ18E +EJ20E +EJ25D,EJ18E;EJ25D,95%+ only after the donor is from the same BG/B11 production range and the OEM/stamped part number matches.,"Confirm donor frame/engine, same OEM number or supersession, production date, side/trim, and physical connector/mounting match."
031,Engine Main,OIL PAN,G91707,O RING,806917070,01,02.1997 - 11.1998,,EJ18E +EJ20E +EJ25D,EJ18E;EJ25D,95%+ only after the donor is from the same BG/B11 production range and the OEM/stamped part number matches.,"Confirm donor frame/engine, same OEM number or supersession, production date, side/trim, and physical connector/mounting match."
031,Engine Main,OIL PAN,15050,OIL STRAINER COMPLETE-ENGINE,15050AA050,01,02.1997 - 11.1998,,EJ18E +EJ20E +EJ25D,EJ18E;EJ25D,95%+ only after the donor is from the same BG/B11 production range and the OEM/stamped part number matches.,"Confirm donor frame/engine, same OEM number or supersession, production date, side/trim, and physical connector/mounting match."
031,Engine Main,OIL PAN,A7068,BOLT,800706800,02,02.1997 - 11.1998,,EJ18E +EJ20E +EJ25D,EJ18E;EJ25D,95%+ only after the donor is from the same BG/B11 production range and the OEM/stamped part number matches.,"Confirm donor frame/engine, same OEM number or supersession, production date, side/trim, and physical connector/mounting match."
031,Engine Main,OIL PAN,11122,SEALING-OIL PAN,11122AA000,01,02.1997 - 11.1998,,EJ18E +EJ20E +EJ25D,EJ18E;EJ25D,95%+ only after the donor is from the same BG/B11 production range and the OEM/stamped part number matches.,"Confirm donor frame/engine, same OEM number or supersession, production date, side/trim, and physical connector/mounting match."
031,Engine Main,OIL PAN,A50635,BOLT & WASHER ASSEMBLY,800506350,14,02.1997 - 11.1998,6X13X13,EJ18E +EJ20E +EJ25D,EJ18E;EJ25D,95%+ only after the donor is from the same BG/B11 production range and the OEM/stamped part number matches.,"Confirm donor frame/engine, same OEM number or supersession, production date, side/trim, and physical connector/mounting match."
031,Engine Main,OIL PAN,11126,GASKET-DRAIN PLUG,11126AA000,01,02.1997 - 11.1998,,EJ18E +EJ20E +EJ25D,EJ18E;EJ25D,95%+ only after the donor is from the same BG/B11 production range and the OEM/stamped part number matches.,"Confirm donor frame/engine, same OEM number or supersession, production date, side/trim, and physical connector/mounting match."
031,Engine Main,OIL PAN,H02001,PLUG,807020010,01,02.1997 - 11.1998,20X14,EJ18E +EJ20E +EJ25D,EJ18E;EJ25D,95%+ only after the donor is from the same BG/B11 production range and the OEM/stamped part number matches.,"Confirm donor frame/engine, same OEM number or supersession, production date, side/trim, and physical connector/mounting match."
031,Engine Main,OIL PAN,G91017,O RING,806910170,02,02.1997 - 11.1998,,EJ18E +EJ20E +EJ25D,EJ18E;EJ25D,95%+ only after the donor is from the same BG/B11 production range and the OEM/stamped part number matches.,"Confirm donor frame/engine, same OEM number or supersession, production date, side/trim, and physical connector/mounting match."
070,Engine Auxiliaries,AIR CLEANER & ELEMENT,46052,"CASE COMPLETE-AIR CLEANER,UPPER",46053AC090,01,02.1997 - 11.1998,*EJ20E +EJ25D,L/J,EJ25D,95%+ only after the donor is from the same BG/B11 production range and the OEM/stamped part number matches.,"Confirm donor frame/engine, same OEM number or supersession, production date, side/trim, and physical connector/mounting match."
070,Engine Auxiliaries,AIR CLEANER & ELEMENT,46068,GUIDE-AIR CLEANER,46033AC000,02,02.1997 - 11.1998,*EJ20E +EJ25D,L/J,EJ25D,95%+ only after the donor is from the same BG/B11 production range and the OEM/stamped part number matches.,"Confirm donor frame/engine, same OEM number or supersession, production date, side/trim, and physical connector/mounting match."
070,Engine Auxiliaries,AIR CLEANER & ELEMENT,22680,METER ASSEMBLY-AIR FLOW,22680AA160,01,02.1997 - 11.1998,*EJ20E +EJ25D,L/J E* I*,EJ25D,95%+ only after the donor is from the same BG/B11 production range and the OEM/stamped part number matches.,"Confirm donor frame/engine, same OEM number or supersession, production date, side/trim, and physical connector/mounting match."
070,Engine Auxiliaries,AIR CLEANER & ELEMENT,22680,METER ASSEMBLY-AIR FLOW,22680AA190,01,02.1997 - 11.1998,*EJ20E +EJ25D,L/J KS K0 K1,EJ25D,95%+ only after the donor is from the same BG/B11 production range and the OEM/stamped part number matches.,"Confirm donor frame/engine, same OEM number or supersession, production date, side/trim, and physical connector/mounting match."
070,Engine Auxiliaries,AIR CLEANER & ELEMENT,46022*A,CUSHION-AIR CLEANER,46060AA010,01,02.1997 - 08.1997,*EJ20E +EJ25D,L/J NO.1,EJ25D,95%+ only after the donor is from the same BG/B11 production range and the OEM/stamped part number matches.,"Confirm donor frame/engine, same OEM number or supersession, production date, side/trim, and physical connector/mounting match."
070,Engine Auxiliaries,AIR CLEANER & ELEMENT,46022*A,CUSHION-AIR CLEANER,46060AC050,01,02.1997 - 11.1998,*EJ20E +EJ25D,FOR L/J NO.1,EJ25D,95%+ only after the donor is from the same BG/B11 production range and the OEM/stamped part number matches.,"Confirm donor frame/engine, same OEM number or supersession, production date, side/trim, and physical connector/mounting match."
070,Engine Auxiliaries,AIR CLEANER & ELEMENT,46022*A,CUSHION-AIR CLEANER,46060AC020,01,09.1997 - 11.1998,*EJ20E +EJ25D,L/J NO.1,EJ25D,95%+ only after the donor is from the same BG/B11 production range and the OEM/stamped part number matches.,"Confirm donor frame/engine, same OEM number or supersession, production date, side/trim, and physical connector/mounting match."
070,Engine Auxiliaries,AIR CLEANER & ELEMENT,16546,ELEMENT-AIR CLEANER,16546AA020,01,02.1997 - 11.1998,*EJ20E +EJ25D,L/J,EJ25D,95%+ only after the donor is from the same BG/B11 production range and the OEM/stamped part number matches.,"Confirm donor frame/engine, same OEM number or supersession, production date, side/trim, and physical connector/mounting match."
070,Engine Auxiliaries,AIR CLEANER & ELEMENT,46083,SPACER,46061FA000,02,02.1997 - 11.1998,*EJ20E +EJ25D,L/J,EJ25D,95%+ only after the donor is from the same BG/B11 production range and the OEM/stamped part number matches.,"Confirm donor frame/engine, same OEM number or supersession, production date, side/trim, and physical connector/mounting match."
070,Engine Auxiliaries,AIR CLEANER & ELEMENT,46022*B,CUSHION-AIR CLEANER,46060FA000,02,02.1997 - 08.1997,*EJ20E +EJ25D,L/J NO.2,EJ25D,95%+ only after the donor is from the same BG/B11 production range and the OEM/stamped part number matches.,"Confirm donor frame/engine, same OEM number or supersession, production date, side/trim, and physical connector/mounting match."
070,Engine Auxiliaries,AIR CLEANER & ELEMENT,46022*B,CUSHION-AIR CLEANER,46060AC030,02,09.1997 - 11.1998,*EJ20E +EJ25D,L/J NO.2,EJ25D,95%+ only after the donor is from the same BG/B11 production range and the OEM/stamped part number matches.,"Confirm donor frame/engine, same OEM number or supersession, production date, side/trim, and physical connector/mounting match."
070,Engine Auxiliaries,AIR CLEANER & ELEMENT,46063,CLAMP,746056120,02,02.1997 - 11.1998,*EJ20E +EJ25D,L/J,EJ25D,95%+ only after the donor is from the same BG/B11 production range and the OEM/stamped part number matches.,"Confirm donor frame/engine, same OEM number or supersession, production date, side/trim, and physical connector/mounting match."
070,Engine Auxiliaries,AIR CLEANER & ELEMENT,46052A,"CASE COMPLETE-AIR CLEANER,LOWER",46053AC080,01,02.1997 - 11.1998,*EJ20E +EJ25D,L/J,EJ25D,95%+ only after the donor is from the same BG/B11 production range and the OEM/stamped part number matches.,"Confirm donor frame/engine, same OEM number or supersession, production date, side/trim, and physical connector/mounting match."
071,Engine Auxiliaries,AIR INTAKE,46040,CHAMBER ASSEMBLY,46032AC080,01,02.1997 - 04.1998,*EJ20E +EJ25D,FOR L/J,EJ25D,95%+ only after the donor is from the same BG/B11 production range and the OEM/stamped part number matches.,"Confirm donor frame/engine, same OEM number or supersession, production date, side/trim, and physical connector/mounting match."
071,Engine Auxiliaries,AIR INTAKE,46040,CHAMBER ASSEMBLY,46040AE020,01,05.1998 - 11.1998,*EJ20E +EJ25D,FOR L/J,EJ25D,95%+ only after the donor is from the same BG/B11 production range and the OEM/stamped part number matches.,"Confirm donor frame/engine, same OEM number or supersession, production date, side/trim, and physical connector/mounting match."
071,Engine Auxiliaries,AIR INTAKE,N600009,NUT,902600009,02,02.1997 - 11.1998,*EJ20E +EJ25D,L/J,EJ25D,95%+ only after the donor is from the same BG/B11 production range and the OEM/stamped part number matches.,"Confirm donor frame/engine, same OEM number or supersession, production date, side/trim, and physical connector/mounting match."
071,Engine Auxiliaries,AIR INTAKE,46022B,CUSHION-CHAMBER,46060AC010,02,02.1997 - 02.1998,*EJ20E +EJ25D,FOR L/J,EJ25D,95%+ only after the donor is from the same BG/B11 production range and the OEM/stamped part number matches.,"Confirm donor frame/engine, same OEM number or supersession, production date, side/trim, and physical connector/mounting match."
071,Engine Auxiliaries,AIR INTAKE,46022B,CUSHION-CHAMBER,46022AE010,01,03.1998 - 11.1998,*EJ20E +EJ25D,FOR L/J,EJ25D,95%+ only after the donor is from the same BG/B11 production range and the OEM/stamped part number matches.,"Confirm donor frame/engine, same OEM number or supersession, production date, side/trim, and physical connector/mounting match."
071,Engine Auxiliaries,AIR INTAKE,M000149,FLANGE BOLT,901000149,02,02.1997 - 11.1998,*EJ20E +EJ25D,L/J,EJ25D,95%+ only after the donor is from the same BG/B11 production range and the OEM/stamped part number matches.,"Confirm donor frame/engine, same OEM number or supersession, production date, side/trim, and physical connector/mounting match."
071,Engine Auxiliaries,AIR INTAKE,57785A,BOLT-BUMPER,57719PA040,01,02.1997 - 11.1998,*EJ20E +EJ25D,L/J,EJ25D,95%+ only after the donor is from the same BG/B11 production range and the OEM/stamped part number matches.,"Confirm donor frame/engine, same OEM number or supersession, production date, side/trim, and physical connector/mounting match."
071,Engine Auxiliaries,AIR INTAKE,46012A,DUCT-OUTLET,46021AC020,01,02.1997 - 11.1998,*EJ20E +EJ25D,L/J,EJ25D,95%+ only after the donor is from the same BG/B11 production range and the OEM/stamped part number matches.,"Confirm donor frame/engine, same OEM number or supersession, production date, side/trim, and physical connector/mounting match."
093,Engine Electrical,STARTER,23343,"SWITCH ASSEMBLY-MAGNETIC,STARTER",23343AA160,01,02.1997 - 11.1998,,EJ18E +2W.EJ20E +EJ20E.A/S +EJ25D,EJ18E;EJ25D,95%+ only after the donor is from the same BG/B11 production range and the OEM/stamped part number matches.,"Confirm donor frame/engine, same OEM number or supersession, production date, side/trim, and physical connector/mounting match."
093,Engine Electrical,STARTER,23309,YOKE ASSEMBLY-STARTER,23309AA210,01,02.1997 - 11.1998,,2W.MT.(EJ18E+EJ20E) +LX.EJ20E.A/S +MT.EJ25D,EJ18E;EJ25D,95%+ only after the donor is from the same BG/B11 production range and the OEM/stamped part number matches.,"Confirm donor frame/engine, same OEM number or supersession, production date, side/trim, and physical connector/mounting match."
093,Engine Electrical,STARTER,C01011,NUT,802010110,01,02.1997 - 04.1998,,EJ18E +2W.EJ20E +EJ20E.A/S +EJ25D,EJ18E;EJ25D,95%+ only after the donor is from the same BG/B11 production range and the OEM/stamped part number matches.,"Confirm donor frame/engine, same OEM number or supersession, production date, side/trim, and physical connector/mounting match."
093,Engine Electrical,STARTER,D01012,WASHER,803010120,01,05.1998 - 11.1998,10.5X18X2.0,EJ18E +2W.EJ20E +EJ20E.A/S +EJ25D,EJ18E;EJ25D,95%+ only after the donor is from the same BG/B11 production range and the OEM/stamped part number matches.,"Confirm donor frame/engine, same OEM number or supersession, production date, side/trim, and physical connector/mounting match."
093,Engine Electrical,STARTER,23300,STARTER MOTOR ASSEMBLY,23300AA380,01,02.1997 - 11.1998,,2W.MT.(EJ18E+EJ20E) +LX.EJ20E.A/S +MT.EJ25D,EJ18E;EJ25D,95%+ only after the donor is from the same BG/B11 production range and the OEM/stamped part number matches.,"Confirm donor frame/engine, same OEM number or supersession, production date, side/trim, and physical connector/mounting match."
093,Engine Electrical,STARTER,23480,SCREW SET-STARTER,23480AA000,01,02.1997 - 11.1998,,EJ18E +2W.EJ20E +EJ20E.A/S +EJ25D,EJ18E;EJ25D,95%+ only after the donor is from the same BG/B11 production range and the OEM/stamped part number matches.,"Confirm donor frame/engine, same OEM number or supersession, production date, side/trim, and physical connector/mounting match."
093,Engine Electrical,STARTER,23351,GEAR ASSEMBLY-STARTER,23351AA000,03,02.1997 - 11.1998,,EJ18E +2W.EJ20E +EJ20E.A/S +EJ25D,EJ18E;EJ25D,95%+ only after the donor is from the same BG/B11 production range and the OEM/stamped part number matches.,"Confirm donor frame/engine, same OEM number or supersession, production date, side/trim, and physical connector/mounting match."
093,Engine Electrical,STARTER,23322,LEVER SET-STARTER,23322AA010,01,02.1997 - 11.1998,,2W.MT.(EJ18E+EJ20E) +LX.EJ20E.A/S +MT.EJ25D,EJ18E;EJ25D,95%+ only after the donor is from the same BG/B11 production range and the OEM/stamped part number matches.,"Confirm donor frame/engine, same OEM number or supersession, production date, side/trim, and physical connector/mounting match."
093,Engine Electrical,STARTER,23339,THROUGH BOLT-STARTER,23339AA100,02,02.1997 - 11.1998,,2W.MT.(EJ18E+EJ20E) +LX.EJ20E.A/S +MT.EJ25D,EJ18E;EJ25D,95%+ only after the donor is from the same BG/B11 production range and the OEM/stamped part number matches.,"Confirm donor frame/engine, same OEM number or supersession, production date, side/trim, and physical connector/mounting match."
093,Engine Electrical,STARTER,23329,"SHAFT ASSEMBLY-GEAR,STARTER",23329AA020,01,02.1997 - 11.1998,,2W.MT.(EJ18E+EJ20E) +LX.EJ20E.A/S +MT.EJ25D,EJ18E;EJ25D,95%+ only after the donor is from the same BG/B11 production range and the OEM/stamped part number matches.,"Confirm donor frame/engine, same OEM number or supersession, production date, side/trim, and physical connector/mounting match."
093,Engine Electrical,STARTER,23334,INTERNAL GEAR ASSEMBLY-STARTER,23334AA030,01,02.1997 - 11.1998,,2W.MT.(EJ18E+EJ20E) +LX.EJ20E.A/S +MT.EJ25D,EJ18E;EJ25D,95%+ only after the donor is from the same BG/B11 production range and the OEM/stamped part number matches.,"Confirm donor frame/engine, same OEM number or supersession, production date, side/trim, and physical connector/mounting match."
093,Engine Electrical,STARTER,23319,"SLEEVE BEARING-FRONT,STARTER",23319AA000,01,02.1997 - 11.1998,,EJ18E +2W.EJ20E +EJ20E.A/S +EJ25D,EJ18E;EJ25D,95%+ only after the donor is from the same BG/B11 production range and the OEM/stamped part number matches.,"Confirm donor frame/engine, same OEM number or supersession, production date, side/trim, and physical connector/mounting match."
093,Engine Electrical,STARTER,23328,SHAFT ASSEMBLY-STARTER,23328AA070,01,02.1997 - 11.1998,,2W.MT.(EJ18E+EJ20E) +LX.EJ20E.A/S +MT.EJ25D,EJ18E;EJ25D,95%+ only after the donor is from the same BG/B11 production range and the OEM/stamped part number matches.,"Confirm donor frame/engine, same OEM number or supersession, production date, side/trim, and physical connector/mounting match."
093,Engine Electrical,STARTER,23312,OVER RUNNING CLUTCH COMPLETE-STARTER,23312AA051,01,02.1997 - 11.1998,,2W.MT.(EJ18E+EJ20E) +LX.EJ20E.A/S +MT.EJ25D,EJ18E;EJ25D,95%+ only after the donor is from the same BG/B11 production range and the OEM/stamped part number matches.,"Confirm donor frame/engine, same OEM number or supersession, production date, side/trim, and physical connector/mounting match."
093,Engine Electrical,STARTER,23310,ARMATURE ASSEMBLY-STARTER,23310AA080,01,02.1997 - 11.1998,,2W.MT.(EJ18E+EJ20E) +LX.EJ20E.A/S +MT.EJ25D,EJ18E;EJ25D,95%+ only after the donor is from the same BG/B11 production range and the OEM/stamped part number matches.,"Confirm donor frame/engine, same OEM number or supersession, production date, side/trim, and physical connector/mounting match."
093,Engine Electrical,STARTER,23318,HOUSING ASSEMBLY-STARTER,23318AA130,01,02.1997 - 11.1998,,2W.MT.(EJ18E+EJ20E) +LX.EJ20E.A/S +MT.EJ25D,EJ18E;EJ25D,95%+ only after the donor is from the same BG/B11 production range and the OEM/stamped part number matches.,"Confirm donor frame/engine, same OEM number or supersession, production date, side/trim, and physical connector/mounting match."
093,Engine Electrical,STARTER,23337,COVER ASSEMBLY-STARTER,23337AA070,01,02.1997 - 11.1998,,2W.MT.(EJ18E+EJ20E) +LX.EJ20E.A/S +MT.EJ25D,EJ18E;EJ25D,95%+ only after the donor is from the same BG/B11 production range and the OEM/stamped part number matches.,"Confirm donor frame/engine, same OEM number or supersession, production date, side/trim, and physical connector/mounting match."
093,Engine Electrical,STARTER,23465,"STOPPER SET-PINION,STARTER",23465AA000,01,02.1997 - 11.1998,,EJ18E +2W.EJ20E +EJ20E.A/S +EJ25D,EJ18E;EJ25D,95%+ only after the donor is from the same BG/B11 production range and the OEM/stamped part number matches.,"Confirm donor frame/engine, same OEM number or supersession, production date, side/trim, and physical connector/mounting match."
093,Engine Electrical,STARTER,23320,RADIAL BALL BEARING-STARTER,23320AA000,01,02.1997 - 11.1998,,EJ18E +2W.EJ20E +EJ20E.A/S +EJ25D,EJ18E;EJ25D,95%+ only after the donor is from the same BG/B11 production range and the OEM/stamped part number matches.,"Confirm donor frame/engine, same OEM number or supersession, production date, side/trim, and physical connector/mounting match."
093,Engine Electrical,STARTER,23330,CONNECTOR-BRUSH HOLDER ASSEMBLY,23330AA000,01,02.1997 - 11.1998,,2W.MT.(EJ18E+EJ20E) +LX.EJ20E.A/S +MT.EJ25D,EJ18E;EJ25D,95%+ only after the donor is from the same BG/B11 production range and the OEM/stamped part number matches.,"Confirm donor frame/engine, same OEM number or supersession, production date, side/trim, and physical connector/mounting match."
093,Engine Electrical,STARTER,23383,PACKING-STARTER,23383AA010,01,02.1997 - 11.1998,,2W.MT.(EJ18E+EJ20E) +LX.EJ20E.A/S +MT.EJ25D,EJ18E;EJ25D,95%+ only after the donor is from the same BG/B11 production range and the OEM/stamped part number matches.,"Confirm donor frame/engine, same OEM number or supersession, production date, side/trim, and physical connector/mounting match."
093,Engine Electrical,STARTER,23326,"BALL-SHIFT LEVER,STARTER",23326AA000,01,02.1997 - 11.1998,,EJ18E +2W.EJ20E +EJ20E.A/S +EJ25D,EJ18E;EJ25D,95%+ only after the donor is from the same BG/B11 production range and the OEM/stamped part number matches.,"Confirm donor frame/engine, same OEM number or supersession, production date, side/trim, and physical connector/mounting match."
093,Engine Electrical,STARTER,23386,BRUSH SET-STARTER,23386AA000,01,02.1997 - 11.1998,,2W.MT.(EJ18E+EJ20E) +LX.EJ20E.A/S +MT.EJ25D,EJ18E;EJ25D,95%+ only after the donor is from the same BG/B11 production range and the OEM/stamped part number matches.,"Confirm donor frame/engine, same OEM number or supersession, production date, side/trim, and physical connector/mounting match."
094,Engine Electrical,ALTERNATOR,23712,STATOR ASSEMBLY-ALTERNATOR,23712AA090,01,,EJ18E +MT.EJ20E +GL.EJ20E +EJ25D,,EJ18E;EJ25D,95%+ only after the donor is from the same BG/B11 production range and the OEM/stamped part number matches.,"Confirm donor frame/engine, same OEM number or supersession, production date, side/trim, and physical connector/mounting match."
094,Engine Electrical,ALTERNATOR,23708,ROTOR ASSEMBLY-ALTERNATOR,23708AA170,01,,EJ18E +MT.EJ20E +GL.EJ20E +EJ25D,,EJ18E;EJ25D,95%+ only after the donor is from the same BG/B11 production range and the OEM/stamped part number matches.,"Confirm donor frame/engine, same OEM number or supersession, production date, side/trim, and physical connector/mounting match."
094,Engine Electrical,ALTERNATOR,23700,ALTERNATOR ASSEMBLY,23700AA350,01,A2T3739A,EJ18E +MT.EJ20E +GL.EJ20E +EJ25D,L/J,EJ18E;EJ25D,95%+ only after the donor is from the same BG/B11 production range and the OEM/stamped part number matches.,"Confirm donor frame/engine, same OEM number or supersession, production date, side/trim, and physical connector/mounting match."
094,Engine Electrical,ALTERNATOR,23700,ALTERNATOR ASSEMBLY,23700AA36A,01,MI:A2T3739AC,EJ18E +MT.EJ20E +GL.EJ20E +EJ25D,L/A,EJ18E;EJ25D,95%+ only after the donor is from the same BG/B11 production range and the OEM/stamped part number matches.,"Confirm donor frame/engine, same OEM number or supersession, production date, side/trim, and physical connector/mounting match."
094,Engine Electrical,ALTERNATOR,23721B,"RADIAL BALL BEARING-ALTERNATOR,B",23721AA040,01,,EJ18E +MT.EJ20E +GL.EJ20E +EJ25D,,EJ18E;EJ25D,95%+ only after the donor is from the same BG/B11 production range and the OEM/stamped part number matches.,"Confirm donor frame/engine, same OEM number or supersession, production date, side/trim, and physical connector/mounting match."
094,Engine Electrical,ALTERNATOR,23718,FRONT COVER ASSEMBLY-ALTERNATOR,23718AA090,01,,EJ18E +MT.EJ20E +GL.EJ20E +EJ25D,,EJ18E;EJ25D,95%+ only after the donor is from the same BG/B11 production range and the OEM/stamped part number matches.,"Confirm donor frame/engine, same OEM number or supersession, production date, side/trim, and physical connector/mounting match."
094,Engine Electrical,ALTERNATOR,23797,BUSHING SET-ALTERNATOR,23797AA020,01,,EJ18E +MT.EJ20E +GL.EJ20E +EJ25D,,EJ18E;EJ25D,95%+ only after the donor is from the same BG/B11 production range and the OEM/stamped part number matches.,"Confirm donor frame/engine, same OEM number or supersession, production date, side/trim, and physical connector/mounting match."
094,Engine Electrical,ALTERNATOR,23721,RADIAL BALL BEARING-ALTERNATOR,23721AA100,01,,EJ18E +MT.EJ20E +GL.EJ20E +EJ25D,,EJ18E;EJ25D,95%+ only after the donor is from the same BG/B11 production range and the OEM/stamped part number matches.,"Confirm donor frame/engine, same OEM number or supersession, production date, side/trim, and physical connector/mounting match."
094,Engine Electrical,ALTERNATOR,23759A*B,"SCREW SET-ALTERNATOR,A",23759KA040,01,,EJ18E +MT.EJ20E +GL.EJ20E +EJ25D,NO.2,EJ18E;EJ25D,95%+ only after the donor is from the same BG/B11 production range and the OEM/stamped part number matches.,"Confirm donor frame/engine, same OEM number or supersession, production date, side/trim, and physical connector/mounting match."
094,Engine Electrical,ALTERNATOR,23759A*A,"SCREW SET-ALTERNATOR,A",23759KA030,01,,EJ18E +MT.EJ20E +GL.EJ20E +EJ25D,NO.1,EJ18E;EJ25D,95%+ only after the donor is from the same BG/B11 production range and the OEM/stamped part number matches.,"Confirm donor frame/engine, same OEM number or supersession, production date, side/trim, and physical connector/mounting match."
094,Engine Electrical,ALTERNATOR,23815,REGULATOR-ALTERNATOR,23815AA090,01,,EJ18E +MT.EJ20E +GL.EJ20E +EJ25D,,EJ18E;EJ25D,95%+ only after the donor is from the same BG/B11 production range and the OEM/stamped part number matches.,"Confirm donor frame/engine, same OEM number or supersession, production date, side/trim, and physical connector/mounting match."
094,Engine Electrical,ALTERNATOR,23754,BRUSH SET-ALTERNATOR,23754AA010,01,,EJ18E +MT.EJ20E +GL.EJ20E +EJ25D,,EJ18E;EJ25D,95%+ only after the donor is from the same BG/B11 production range and the OEM/stamped part number matches.,"Confirm donor frame/engine, same OEM number or supersession, production date, side/trim, and physical connector/mounting match."
094,Engine Electrical,ALTERNATOR,23752,PULLEY-ALTERNATOR,23752AA050,01,,EJ18E +MT.EJ20E +GL.EJ20E +EJ25D,,EJ18E;EJ25D,95%+ only after the donor is from the same BG/B11 production range and the OEM/stamped part number matches.,"Confirm donor frame/engine, same OEM number or supersession, production date, side/trim, and physical connector/mounting match."
094,Engine Electrical,ALTERNATOR,23830,DIODE ASSEMBLY-ALTERNATOR,23830AA170,01,,EJ18E +MT.EJ20E +GL.EJ20E +EJ25D,,EJ18E;EJ25D,95%+ only after the donor is from the same BG/B11 production range and the OEM/stamped part number matches.,"Confirm donor frame/engine, same OEM number or supersession, production date, side/trim, and physical connector/mounting match."
094,Engine Electrical,ALTERNATOR,23745,NUT-ALTERNATOR,23745AA000,01,,EJ18E +MT.EJ20E +GL.EJ20E +EJ25D,,EJ18E;EJ25D,95%+ only after the donor is from the same BG/B11 production range and the OEM/stamped part number matches.,"Confirm donor frame/engine, same OEM number or supersession, production date, side/trim, and physical connector/mounting match."
094,Engine Electrical,ALTERNATOR,23755,PULLEY NUT SET-ALTERNATOR,23755AA030,*,,EJ18E +MT.EJ20E +GL.EJ20E +EJ25D,,EJ18E;EJ25D,95%+ only after the donor is from the same BG/B11 production range and the OEM/stamped part number matches.,"Confirm donor frame/engine, same OEM number or supersession, production date, side/trim, and physical connector/mounting match."
094,Engine Electrical,ALTERNATOR,23727,REAR COVER ASSEMBLY-ALTERNATOR,23727AA180,01,,EJ18E +MT.EJ20E +GL.EJ20E +EJ25D,,EJ18E;EJ25D,95%+ only after the donor is from the same BG/B11 production range and the OEM/stamped part number matches.,"Confirm donor frame/engine, same OEM number or supersession, production date, side/trim, and physical connector/mounting match."
096,Engine Electrical,RELAY & SENSOR (ENGINE),82501C,RELAY ASSEMBLY,82501GA240,01,02.1997 - 11.1998,EJ18E +EJ20E +EJ25D,,EJ18E;EJ25D,95%+ only after the donor is from the same BG/B11 production range and the OEM/stamped part number matches.,"Confirm donor frame/engine, same OEM number or supersession, production date, side/trim, and physical connector/mounting match."
096,Engine Electrical,RELAY & SENSOR (ENGINE),25232,RELAY,25232AA020,01,02.1997 - 11.1998,EJ18E +EJ20E +EJ25D,,EJ18E;EJ25D,95%+ only after the donor is from the same BG/B11 production range and the OEM/stamped part number matches.,"Confirm donor frame/engine, same OEM number or supersession, production date, side/trim, and physical connector/mounting match."
096,Engine Electrical,RELAY & SENSOR (ENGINE),25229,RELAY & BRACKET ASSEMBLY,25229AA001,01,02.1997 - 11.1998,EJ18E +EJ20E +EJ25D,,EJ18E;EJ25D,95%+ only after the donor is from the same BG/B11 production range and the OEM/stamped part number matches.,"Confirm donor frame/engine, same OEM number or supersession, production date, side/trim, and physical connector/mounting match."
096,Engine Electrical,RELAY & SENSOR (ENGINE),Q575006,TAPPING SCREW-HEXAGON HEAD,904575006,01,02.1997 - 11.1998,EJ18E +EJ20E +EJ25D,,EJ18E;EJ25D,95%+ only after the donor is from the same BG/B11 production range and the OEM/stamped part number matches.,"Confirm donor frame/engine, same OEM number or supersession, production date, side/trim, and physical connector/mounting match."
096,Engine Electrical,RELAY & SENSOR (ENGINE),22438,IGNITER ASSEMBLY,22438AA043,01,02.1997 - 02.1998,EJ20E +EJ25D,,EJ25D,95%+ only after the donor is from the same BG/B11 production range and the OEM/stamped part number matches.,"Confirm donor frame/engine, same OEM number or supersession, production date, side/trim, and physical connector/mounting match."
096,Engine Electrical,RELAY & SENSOR (ENGINE),22438,IGNITER ASSEMBLY,22438AA04A,01,03.1998 - 11.1998,EJ20E +EJ25D,,EJ25D,95%+ only after the donor is from the same BG/B11 production range and the OEM/stamped part number matches.,"Confirm donor frame/engine, same OEM number or supersession, production date, side/trim, and physical connector/mounting match."
114,Manual Transmission,"MT, MAIN SHAFT",32610,SLEEVE & HUB ASSEMBLY-NO.2,32610AA061,01,02.1997 - 11.1998,,MT.(EJ20E+EJ25D),EJ25D,95%+ only after the donor is from the same BG/B11 production range and the OEM/stamped part number matches.,"Confirm donor frame/engine, same OEM number or supersession, production date, side/trim, and physical connector/mounting match."
114,Manual Transmission,"MT, MAIN SHAFT",32610,SLEEVE & HUB ASSEMBLY-NO.2,32610AA061,01,02.1997 - 11.1998,,MT.(EJ20E+EJ25D),EJ25D,95%+ only after the donor is from the same BG/B11 production range and the OEM/stamped part number matches.,"Confirm donor frame/engine, same OEM number or supersession, production date, side/trim, and physical connector/mounting match."
348,Steering,OIL PUMP,34430,PUMP-POWER STEERING,34411AC080,01,02.1997 - 11.1998,S.(EJ20E+EJ25D) +W,,EJ25D,95%+ only after the donor is from the same BG/B11 production range and the OEM/stamped part number matches.,"Confirm donor frame/engine, same OEM number or supersession, production date, side/trim, and physical connector/mounting match."
348,Steering,OIL PUMP,34450,PULLEY-POWER STEERING,34414AA010,02,02.1997 - 11.1998,S.(EJ20E+EJ25D) +W,,EJ25D,95%+ only after the donor is from the same BG/B11 production range and the OEM/stamped part number matches.,"Confirm donor frame/engine, same OEM number or supersession, production date, side/trim, and physical connector/mounting match."
371,Steering,ACCEL CABLE,37114,CABLE ASSEMBLY-ACCELERATOR,37114AC030,01,02.1997 - 11.1998,2W.(MT+AT).EJ20E +F4W.LX.MT.A/S +(MT+AT).EJ25D,,EJ25D,95%+ only after the donor is from the same BG/B11 production range and the OEM/stamped part number matches.,"Confirm donor frame/engine, same OEM number or supersession, production date, side/trim, and physical connector/mounting match."
420,Engine Mounting Cooling,FUEL PIPING,42084A,"VALVE,2 WAY",42084PA050,01,02.1997 - 11.1998,EJ18E +2W.EJ20E +EJ20E.A/S +EJ25D,,EJ18E;EJ25D,95%+ only after the donor is from the same BG/B11 production range and the OEM/stamped part number matches.,"Confirm donor frame/engine, same OEM number or supersession, production date, side/trim, and physical connector/mounting match."
420,Engine Mounting Cooling,FUEL PIPING,42035,CANISTER,42036AA000,01,02.1997 - 11.1998,EJ18E +2W.EJ20E +EJ20E.A/S +EJ25D,,EJ18E;EJ25D,95%+ only after the donor is from the same BG/B11 production range and the OEM/stamped part number matches.,"Confirm donor frame/engine, same OEM number or supersession, production date, side/trim, and physical connector/mounting match."
420,Engine Mounting Cooling,FUEL PIPING,42051B,"GROMMET-FUEL PIPE,REAR",42046AA020,01,02.1997 - 11.1998,EJ18E +2W.EJ20E +EJ20E.A/S +EJ25D,,EJ18E;EJ25D,95%+ only after the donor is from the same BG/B11 production range and the OEM/stamped part number matches.,"Confirm donor frame/engine, same OEM number or supersession, production date, side/trim, and physical connector/mounting match."
420,Engine Mounting Cooling,FUEL PIPING,42052C,BRACKET COMPLETE-CANISTER,42050AA000,01,02.1997 - 11.1998,EJ18E +2W.EJ20E +EJ20E.A/S +EJ25D,,EJ18E;EJ25D,95%+ only after the donor is from the same BG/B11 production range and the OEM/stamped part number matches.,"Confirm donor frame/engine, same OEM number or supersession, production date, side/trim, and physical connector/mounting match."
420,Engine Mounting Cooling,FUEL PIPING,42075H*A,HOSE-CANISTER,42075AA360,01,02.1997 - 11.1998,EJ18E +2W.EJ20E +EJ20E.A/S +EJ25D,NO.1,EJ18E;EJ25D,95%+ only after the donor is from the same BG/B11 production range and the OEM/stamped part number matches.,"Confirm donor frame/engine, same OEM number or supersession, production date, side/trim, and physical connector/mounting match."
420,Engine Mounting Cooling,FUEL PIPING,42037C*A,CLAMP-HOSE,42038AA270,01,02.1997 - 11.1998,EJ18E +2W.EJ20E +EJ20E.A/S +EJ25D,NO.1,EJ18E;EJ25D,95%+ only after the donor is from the same BG/B11 production range and the OEM/stamped part number matches.,"Confirm donor frame/engine, same OEM number or supersession, production date, side/trim, and physical connector/mounting match."
420,Engine Mounting Cooling,FUEL PIPING,42037B*B,CLAMP-PIPE,42038AA030,05,02.1997 - 11.1998,EJ18E +2W.EJ20E +EJ20E.A/S +EJ25D,NO.2,EJ18E;EJ25D,95%+ only after the donor is from the same BG/B11 production range and the OEM/stamped part number matches.,"Confirm donor frame/engine, same OEM number or supersession, production date, side/trim, and physical connector/mounting match."
420,Engine Mounting Cooling,FUEL PIPING,42037C*C,CLAMP-HOSE,42038AA180,01,02.1997 - 11.1998,EJ18E +2W.EJ20E +EJ20E.A/S +EJ25D,NO.3,EJ18E;EJ25D,95%+ only after the donor is from the same BG/B11 production range and the OEM/stamped part number matches.,"Confirm donor frame/engine, same OEM number or supersession, production date, side/trim, and physical connector/mounting match."
420,Engine Mounting Cooling,FUEL PIPING,42051*B,GROMMET,42046FA000,01,02.1997 - 11.1998,EJ18E +2W.EJ20E +EJ20E.A/S +EJ25D,NO.2,EJ18E;EJ25D,95%+ only after the donor is from the same BG/B11 production range and the OEM/stamped part number matches.,"Confirm donor frame/engine, same OEM number or supersession, production date, side/trim, and physical connector/mounting match."
420,Engine Mounting Cooling,FUEL PIPING,42037B*C,CLAMP-PIPE,42038FA000,01,02.1997 - 11.1998,EJ18E +2W.EJ20E +EJ20E.A/S +EJ25D,NO.3,EJ18E;EJ25D,95%+ only after the donor is from the same BG/B11 production range and the OEM/stamped part number matches.,"Confirm donor frame/engine, same OEM number or supersession, production date, side/trim, and physical connector/mounting match."
420,Engine Mounting Cooling,FUEL PIPING,42037B*A,CLAMP-PIPE,42038AA020,01,02.1997 - 11.1998,EJ18E +2W.EJ20E +EJ20E.A/S +EJ25D,NO.1,EJ18E;EJ25D,95%+ only after the donor is from the same BG/B11 production range and the OEM/stamped part number matches.,"Confirm donor frame/engine, same OEM number or supersession, production date, side/trim, and physical connector/mounting match."
420,Engine Mounting Cooling,FUEL PIPING,42062C,PIPE-EVAPORATOR,42065AC110,01,02.1997 - 11.1998,EJ18E +2W.EJ20E +EJ20E.A/S +EJ25D,,EJ18E;EJ25D,95%+ only after the donor is from the same BG/B11 production range and the OEM/stamped part number matches.,"Confirm donor frame/engine, same OEM number or supersession, production date, side/trim, and physical connector/mounting match."
420,Engine Mounting Cooling,FUEL PIPING,42062B,PIPE-RETURN,42065AC100,01,02.1997 - 11.1998,EJ18E +2W.EJ20E +EJ20E.A/S +EJ25D,,EJ18E;EJ25D,95%+ only after the donor is from the same BG/B11 production range and the OEM/stamped part number matches.,"Confirm donor frame/engine, same OEM number or supersession, production date, side/trim, and physical connector/mounting match."
420,Engine Mounting Cooling,FUEL PIPING,42037C*B,CLAMP-HOSE,742038300,07,02.1997 - 11.1998,EJ18E +2W.EJ20E +EJ20E.A/S +EJ25D,NO.2,EJ18E;EJ25D,95%+ only after the donor is from the same BG/B11 production range and the OEM/stamped part number matches.,"Confirm donor frame/engine, same OEM number or supersession, production date, side/trim, and physical connector/mounting match."
420,Engine Mounting Cooling,FUEL PIPING,42062A,PIPE-DELIVERY,42065AC090,01,02.1997 - 11.1998,EJ18E +2W.EJ20E +EJ20E.A/S +EJ25D,,EJ18E;EJ25D,95%+ only after the donor is from the same BG/B11 production range and the OEM/stamped part number matches.,"Confirm donor frame/engine, same OEM number or supersession, production date, side/trim, and physical connector/mounting match."
420,Engine Mounting Cooling,FUEL PIPING,W18601,CLIP,909186010,01,02.1997 - 11.1998,EJ18E +2W.EJ20E +EJ20E.A/S +EJ25D,,EJ18E;EJ25D,95%+ only after the donor is from the same BG/B11 production range and the OEM/stamped part number matches.,"Confirm donor frame/engine, same OEM number or supersession, production date, side/trim, and physical connector/mounting match."
420,Engine Mounting Cooling,FUEL PIPING,42072,FILTER-FUEL TANK,42072AA011,01,02.1997 - 11.1998,EJ18E +2W.EJ20E +EJ20E.A/S +EJ25D,,EJ18E;EJ25D,95%+ only after the donor is from the same BG/B11 production range and the OEM/stamped part number matches.,"Confirm donor frame/engine, same OEM number or supersession, production date, side/trim, and physical connector/mounting match."
420,Engine Mounting Cooling,FUEL PIPING,42075H*B,HOSE-CANISTER,42075KA550,01,02.1997 - 11.1998,EJ18E +2W.EJ20E +EJ20E.A/S +EJ25D,NO.2,EJ18E;EJ25D,95%+ only after the donor is from the same BG/B11 production range and the OEM/stamped part number matches.,"Confirm donor frame/engine, same OEM number or supersession, production date, side/trim, and physical connector/mounting match."
420,Engine Mounting Cooling,FUEL PIPING,42043A,CUSHION-FUEL TANK DRAIN,42031AA040,01,02.1997 - 11.1998,EJ18E +2W.EJ20E +EJ20E.A/S +EJ25D,,EJ18E;EJ25D,95%+ only after the donor is from the same BG/B11 production range and the OEM/stamped part number matches.,"Confirm donor frame/engine, same OEM number or supersession, production date, side/trim, and physical connector/mounting match."
420,Engine Mounting Cooling,FUEL PIPING,42041,BAND ASSEMBLY,42053AA000,01,02.1997 - 11.1998,EJ18E +2W.EJ20E +EJ20E.A/S +EJ25D,,EJ18E;EJ25D,95%+ only after the donor is from the same BG/B11 production range and the OEM/stamped part number matches.,"Confirm donor frame/engine, same OEM number or supersession, production date, side/trim, and physical connector/mounting match."
420,Engine Mounting Cooling,FUEL PIPING,42052,BRACKET COMPLETE-FUEL FILTER,42050AA020,01,02.1997 - 11.1998,EJ18E +2W.EJ20E +EJ20E.A/S +EJ25D,,EJ18E;EJ25D,95%+ only after the donor is from the same BG/B11 production range and the OEM/stamped part number matches.,"Confirm donor frame/engine, same OEM number or supersession, production date, side/trim, and physical connector/mounting match."
420,Engine Mounting Cooling,FUEL PIPING,42031,FILLER CAP ASSEMBLY,42032AC000,01,02.1997 - 11.1998,EJ18E +2W.EJ20E +EJ20E.A/S +EJ25D,E*,EJ18E;EJ25D,95%+ only after the donor is from the same BG/B11 production range and the OEM/stamped part number matches.,"Confirm donor frame/engine, same OEM number or supersession, production date, side/trim, and physical connector/mounting match."
420,Engine Mounting Cooling,FUEL PIPING,42031,FILLER CAP ASSEMBLY,42032FA000,01,02.1997 - 11.1998,EJ18E +2W.EJ20E +EJ20E.A/S +EJ25D,KS KO K4,EJ18E;EJ25D,95%+ only after the donor is from the same BG/B11 production range and the OEM/stamped part number matches.,"Confirm donor frame/engine, same OEM number or supersession, production date, side/trim, and physical connector/mounting match."
420,Engine Mounting Cooling,FUEL PIPING,42051*A,GROMMET,42046AA080,01,02.1997 - 11.1998,EJ18E +2W.EJ20E +EJ20E.A/S +EJ25D,NO.1,EJ18E;EJ25D,95%+ only after the donor is from the same BG/B11 production range and the OEM/stamped part number matches.,"Confirm donor frame/engine, same OEM number or supersession, production date, side/trim, and physical connector/mounting match."
420,Engine Mounting Cooling,FUEL PIPING,42032,RING ASSEMBLY-FILLER,42056AA010,01,02.1997 - 11.1998,EJ18E +2W.EJ20E +EJ20E.A/S +EJ25D,,EJ18E;EJ25D,95%+ only after the donor is from the same BG/B11 production range and the OEM/stamped part number matches.,"Confirm donor frame/engine, same OEM number or supersession, production date, side/trim, and physical connector/mounting match."
420,Engine Mounting Cooling,FUEL PIPING,42025,PACKING-FILLER PIPE,42060GA081,01,02.1997 - 11.1998,EJ18E +2W.EJ20E +EJ20E.A/S +EJ25D,,EJ18E;EJ25D,95%+ only after the donor is from the same BG/B11 production range and the OEM/stamped part number matches.,"Confirm donor frame/engine, same OEM number or supersession, production date, side/trim, and physical connector/mounting match."
420,Engine Mounting Cooling,FUEL PIPING,42075B,HOSE-VACUUM,42075AA200,01,02.1997 - 11.1998,EJ18E +2W.EJ20E +EJ20E.A/S +EJ25D,,EJ18E;EJ25D,95%+ only after the donor is from the same BG/B11 production range and the OEM/stamped part number matches.,"Confirm donor frame/engine, same OEM number or supersession, production date, side/trim, and physical connector/mounting match."
420,Engine Mounting Cooling,FUEL PIPING,42037C*D,CLAMP-HOSE,42038AA170,03,02.1997 - 11.1998,EJ18E +2W.EJ20E +EJ20E.A/S +EJ25D,NO.4,EJ18E;EJ25D,95%+ only after the donor is from the same BG/B11 production range and the OEM/stamped part number matches.,"Confirm donor frame/engine, same OEM number or supersession, production date, side/trim, and physical connector/mounting match."
420,Engine Mounting Cooling,FUEL PIPING,42062,PIPE-AIR VENTILATOR,42065AA350,01,02.1997 - 11.1998,EJ18E +2W.EJ20E +EJ20E.A/S +EJ25D,,EJ18E;EJ25D,95%+ only after the donor is from the same BG/B11 production range and the OEM/stamped part number matches.,"Confirm donor frame/engine, same OEM number or supersession, production date, side/trim, and physical connector/mounting match."
420,Engine Mounting Cooling,FUEL PIPING,42045A,PROTECTOR-FILLER PIPE,42061AA000,01,02.1997 - 11.1998,EJ18E +S.2W.EJ20E +S.EJ25D,,EJ18E;EJ25D,95%+ only after the donor is from the same BG/B11 production range and the OEM/stamped part number matches.,"Confirm donor frame/engine, same OEM number or supersession, production date, side/trim, and physical connector/mounting match."
420,Engine Mounting Cooling,FUEL PIPING,42065,FILLER PIPE COMPLETE,42066FA020,01,02.1997 - 11.1998,EJ18E +2W.EJ20E +EJ20E.A/S +EJ25D,KS KO K4,EJ18E;EJ25D,95%+ only after the donor is from the same BG/B11 production range and the OEM/stamped part number matches.,"Confirm donor frame/engine, same OEM number or supersession, production date, side/trim, and physical connector/mounting match."
420,Engine Mounting Cooling,FUEL PIPING,42065,FILLER PIPE COMPLETE,42066FA030,01,02.1997 - 11.1998,EJ18E +2W.EJ20E +EJ20E.A/S +EJ25D,E*,EJ18E;EJ25D,95%+ only after the donor is from the same BG/B11 production range and the OEM/stamped part number matches.,"Confirm donor frame/engine, same OEM number or supersession, production date, side/trim, and physical connector/mounting match."
420,Engine Mounting Cooling,FUEL PIPING,42045,PROTECTOR-PIPE AIR VENTILATOR,42061AA070,01,02.1997 - 11.1998,EJ18E +2W.EJ20E +EJ20E.A/S +EJ25D,,EJ18E;EJ25D,95%+ only after the donor is from the same BG/B11 production range and the OEM/stamped part number matches.,"Confirm donor frame/engine, same OEM number or supersession, production date, side/trim, and physical connector/mounting match."
420,Engine Mounting Cooling,FUEL PIPING,42084,VALVE-FILLER,42084AA150,01,02.1997 - 11.1998,EJ18E +2W.EJ20E +EJ20E.A/S +EJ25D,,EJ18E;EJ25D,95%+ only after the donor is from the same BG/B11 production range and the OEM/stamped part number matches.,"Confirm donor frame/engine, same OEM number or supersession, production date, side/trim, and physical connector/mounting match."
420,Engine Mounting Cooling,FUEL PIPING,42037C*E,CLAMP-HOSE,42038AA250,01,02.1997 - 11.1998,EJ18E +2W.EJ20E +EJ20E.A/S +EJ25D,NO.5,EJ18E;EJ25D,95%+ only after the donor is from the same BG/B11 production range and the OEM/stamped part number matches.,"Confirm donor frame/engine, same OEM number or supersession, production date, side/trim, and physical connector/mounting match."
421,Engine Mounting Cooling,FUEL TANK,94282C,CLIP,693005690,02,02.1997 - 11.1998,EJ20E.A/S +LX.AT.EJ20E +EJ25D,,EJ25D,95%+ only after the donor is from the same BG/B11 production range and the OEM/stamped part number matches.,"Confirm donor frame/engine, same OEM number or supersession, production date, side/trim, and physical connector/mounting match."
421,Engine Mounting Cooling,FUEL TANK,42052N,BRACKET-COVER EXHAUST,42050AA241,01,02.1997 - 11.1998,EJ20E.A/S +LX.AT.EJ20E +25.EJ25D,,EJ25D,95%+ only after the donor is from the same BG/B11 production range and the OEM/stamped part number matches.,"Confirm donor frame/engine, same OEM number or supersession, production date, side/trim, and physical connector/mounting match."
421,Engine Mounting Cooling,FUEL TANK,42058*B,FLANGE BOLT,42052AA030,02,02.1997 - 11.1998,EJ20E.A/S +LX.AT.EJ20E +EJ25D,NO.2,EJ25D,95%+ only after the donor is from the same BG/B11 production range and the OEM/stamped part number matches.,"Confirm donor frame/engine, same OEM number or supersession, production date, side/trim, and physical connector/mounting match."
421,Engine Mounting Cooling,FUEL TANK,M000065,FLANGE BOLT,901000065,02,02.1997 - 11.1998,EJ20E.A/S +LX.AT.EJ20E +EJ25D,,EJ25D,95%+ only after the donor is from the same BG/B11 production range and the OEM/stamped part number matches.,"Confirm donor frame/engine, same OEM number or supersession, production date, side/trim, and physical connector/mounting match."
421,Engine Mounting Cooling,FUEL TANK,42017A,"BAND ASSEMBLY-FUEL TANK,RIGHT",42172AA161,01,02.1997 - 11.1998,EJ20E.A/S +LX.AT.EJ20E +EJ25D,,EJ25D,95%+ only after the donor is from the same BG/B11 production range and the OEM/stamped part number matches.,"Confirm donor frame/engine, same OEM number or supersession, production date, side/trim, and physical connector/mounting match."
421,Engine Mounting Cooling,FUEL TANK,42017B,"BAND ASSEMBLY-FUEL TANK,LEFT",42172AA181,01,02.1997 - 11.1998,EJ20E.A/S +LX.AT.EJ20E +EJ25D,,EJ25D,95%+ only after the donor is from the same BG/B11 production range and the OEM/stamped part number matches.,"Confirm donor frame/engine, same OEM number or supersession, production date, side/trim, and physical connector/mounting match."
421,Engine Mounting Cooling,FUEL TANK,42004,CLIP,42154AA050,02,02.1997 - 11.1998,EJ20E.A/S +LX.AT.EJ20E +EJ25D,,EJ25D,95%+ only after the donor is from the same BG/B11 production range and the OEM/stamped part number matches.,"Confirm donor frame/engine, same OEM number or supersession, production date, side/trim, and physical connector/mounting match."
421,Engine Mounting Cooling,FUEL TANK,42054,COVER ASSEMBLY-FUEL TANK,42030AA080,01,02.1997 - 11.1998,EJ20E.A/S +LX.AT.EJ20E +EJ25D,,EJ25D,95%+ only after the donor is from the same BG/B11 production range and the OEM/stamped part number matches.,"Confirm donor frame/engine, same OEM number or supersession, production date, side/trim, and physical connector/mounting match."
421,Engine Mounting Cooling,FUEL TANK,42045D,"PROTECTOR-FUEL TANK,RIGHT",42061AA041,01,02.1997 - 11.1998,EJ20E.A/S +LX.AT.EJ20E +EJ25D,,EJ25D,95%+ only after the donor is from the same BG/B11 production range and the OEM/stamped part number matches.,"Confirm donor frame/engine, same OEM number or supersession, production date, side/trim, and physical connector/mounting match."
421,Engine Mounting Cooling,FUEL TANK,42058*A,FLANGE BOLT,42052AA000,02,02.1997 - 11.1998,EJ20E.A/S +LX.AT.EJ20E +EJ25D,NO.1,EJ25D,95%+ only after the donor is from the same BG/B11 production range and the OEM/stamped part number matches.,"Confirm donor frame/engine, same OEM number or supersession, production date, side/trim, and physical connector/mounting match."
421,Engine Mounting Cooling,FUEL TANK,42045E,"PROTECTOR-FUEL TANK,LEFT",42061AA031,01,02.1997 - 11.1998,EJ20E.A/S +LX.AT.EJ20E +EJ25D,,EJ25D,95%+ only after the donor is from the same BG/B11 production range and the OEM/stamped part number matches.,"Confirm donor frame/engine, same OEM number or supersession, production date, side/trim, and physical connector/mounting match."
421,Engine Mounting Cooling,FUEL TANK,N370014,FLANGE NUT,902370014,16,02.1997 - 11.1998,EJ20E.A/S +LX.AT.EJ20E +EJ25D,,EJ25D,95%+ only after the donor is from the same BG/B11 production range and the OEM/stamped part number matches.,"Confirm donor frame/engine, same OEM number or supersession, production date, side/trim, and physical connector/mounting match."
421,Engine Mounting Cooling,FUEL TANK,81803,CORD-FUEL,81802AC010,01,02.1997 - 11.1998,EJ20E.A/S +LX.AT.EJ20E +EJ25D,,EJ25D,95%+ only after the donor is from the same BG/B11 production range and the OEM/stamped part number matches.,"Confirm donor frame/engine, same OEM number or supersession, production date, side/trim, and physical connector/mounting match."
421,Engine Mounting Cooling,FUEL TANK,42021,PUMP ASSEMBLY-FUEL,42021AC013,01,02.1997 - 11.1998,EJ20E.A/S +EJ25D,,EJ25D,95%+ only after the donor is from the same BG/B11 production range and the OEM/stamped part number matches.,"Confirm donor frame/engine, same OEM number or supersession, production date, side/trim, and physical connector/mounting match."
421,Engine Mounting Cooling,FUEL TANK,42064E,PIPE CONNECTOR PURGE,42090FA000,01,02.1997 - 11.1998,EJ20E.A/S +LX.AT.EJ20E +EJ25D,,EJ25D,95%+ only after the donor is from the same BG/B11 production range and the OEM/stamped part number matches.,"Confirm donor frame/engine, same OEM number or supersession, production date, side/trim, and physical connector/mounting match."
421,Engine Mounting Cooling,FUEL TANK,42058A,SCREW,42052AA100,02,02.1997 - 11.1998,EJ20E.A/S +EJ25D,,EJ25D,95%+ only after the donor is from the same BG/B11 production range and the OEM/stamped part number matches.,"Confirm donor frame/engine, same OEM number or supersession, production date, side/trim, and physical connector/mounting match."
421,Engine Mounting Cooling,FUEL TANK,42022,PUMP-FUEL,42021AA320,01,02.1997 - 11.1998,EJ20E.A/S +EJ25D,,EJ25D,95%+ only after the donor is from the same BG/B11 production range and the OEM/stamped part number matches.,"Confirm donor frame/engine, same OEM number or supersession, production date, side/trim, and physical connector/mounting match."
421,Engine Mounting Cooling,FUEL TANK,42075A*A,HOSE-RETURN,42162AA380,01,02.1997 - 11.1998,EJ20E.A/S +LX.AT.EJ20E +EJ25D,NO.1,EJ25D,95%+ only after the donor is from the same BG/B11 production range and the OEM/stamped part number matches.,"Confirm donor frame/engine, same OEM number or supersession, production date, side/trim, and physical connector/mounting match."
421,Engine Mounting Cooling,FUEL TANK,42062A*B,PIPE-DELIVERY,42124AA050,01,02.1997 - 11.1998,EJ20E.A/S +LX.AT.EJ20E +EJ25D,NO.2,EJ25D,95%+ only after the donor is from the same BG/B11 production range and the OEM/stamped part number matches.,"Confirm donor frame/engine, same OEM number or supersession, production date, side/trim, and physical connector/mounting match."
421,Engine Mounting Cooling,FUEL TANK,42081,"METER UNIT ASSEMBLY-FUEL,MAIN",85111AC071,01,02.1997 - 11.1998,EJ20E.A/S +EJ25D,,EJ25D,95%+ only after the donor is from the same BG/B11 production range and the OEM/stamped part number matches.,"Confirm donor frame/engine, same OEM number or supersession, production date, side/trim, and physical connector/mounting match."
421,Engine Mounting Cooling,FUEL TANK,42081,"METER UNIT ASSEMBLY-FUEL,MAIN",85111AC003,01,02.1997 - 11.1998,EJ20E.A/S +LX.AT.EJ20E +EJ25D,,EJ25D,95%+ only after the donor is from the same BG/B11 production range and the OEM/stamped part number matches.,"Confirm donor frame/engine, same OEM number or supersession, production date, side/trim, and physical connector/mounting match."
421,Engine Mounting Cooling,FUEL TANK,42075O*B,HOSE-FUEL,42162AA220,01,02.1997 - 11.1998,EJ20E.A/S +LX.AT.EJ20E +EJ25D,NO.2,EJ25D,95%+ only after the donor is from the same BG/B11 production range and the OEM/stamped part number matches.,"Confirm donor frame/engine, same OEM number or supersession, production date, side/trim, and physical connector/mounting match."
421,Engine Mounting Cooling,FUEL TANK,42075O*C,HOSE-FUEL,42162AA210,01,02.1997 - 11.1998,EJ20E.A/S +LX.AT.EJ20E +EJ25D,NO.1,EJ25D,95%+ only after the donor is from the same BG/B11 production range and the OEM/stamped part number matches.,"Confirm donor frame/engine, same OEM number or supersession, production date, side/trim, and physical connector/mounting match."
421,Engine Mounting Cooling,FUEL TANK,42025B,PACKING-FUEL PUMP,42060AA070,01,02.1997 - 11.1998,EJ20E.A/S +EJ25D,,EJ25D,95%+ only after the donor is from the same BG/B11 production range and the OEM/stamped part number matches.,"Confirm donor frame/engine, same OEM number or supersession, production date, side/trim, and physical connector/mounting match."
421,Engine Mounting Cooling,FUEL TANK,42062*B,PIPE-AIR VENTILATOR,42123FA050,01,02.1997 - 11.1998,EJ20E.A/S +LX.AT.EJ20E +EJ25D,NO.2,EJ25D,95%+ only after the donor is from the same BG/B11 production range and the OEM/stamped part number matches.,"Confirm donor frame/engine, same OEM number or supersession, production date, side/trim, and physical connector/mounting match."
421,Engine Mounting Cooling,FUEL TANK,42037C*C,CLAMP-HOSE,742038300,03,02.1997 - 11.1998,EJ20E.A/S +LX.AT.EJ20E +EJ25D,NO.1,EJ25D,95%+ only after the donor is from the same BG/B11 production range and the OEM/stamped part number matches.,"Confirm donor frame/engine, same OEM number or supersession, production date, side/trim, and physical connector/mounting match."
421,Engine Mounting Cooling,FUEL TANK,42062B,PIPE-RETURN,42125AA031,01,02.1997 - 11.1998,EJ20E.A/S +LX.AT.EJ20E +EJ25D,,EJ25D,95%+ only after the donor is from the same BG/B11 production range and the OEM/stamped part number matches.,"Confirm donor frame/engine, same OEM number or supersession, production date, side/trim, and physical connector/mounting match."
421,Engine Mounting Cooling,FUEL TANK,42062A*A,PIPE-DELIVERY,42124AA031,01,02.1997 - 11.1998,EJ20E.A/S +LX.AT.EJ20E +EJ25D,NO.1,EJ25D,95%+ only after the donor is from the same BG/B11 production range and the OEM/stamped part number matches.,"Confirm donor frame/engine, same OEM number or supersession, production date, side/trim, and physical connector/mounting match."
421,Engine Mounting Cooling,FUEL TANK,42043*B,CUSHION-FUEL TANK,42031AA120,03,02.1997 - 11.1998,EJ20E.A/S +LX.AT.EJ20E +EJ25D,NO.2,EJ25D,95%+ only after the donor is from the same BG/B11 production range and the OEM/stamped part number matches.,"Confirm donor frame/engine, same OEM number or supersession, production date, side/trim, and physical connector/mounting match."
421,Engine Mounting Cooling,FUEL TANK,42062*A,PIPE-AIR VENTILATOR,42123FA021,01,02.1997 - 11.1998,EJ20E.A/S +LX.AT.EJ20E +EJ25D,NO.1,EJ25D,95%+ only after the donor is from the same BG/B11 production range and the OEM/stamped part number matches.,"Confirm donor frame/engine, same OEM number or supersession, production date, side/trim, and physical connector/mounting match."
421,Engine Mounting Cooling,FUEL TANK,42075A*B,HOSE-RETURN,42162AA410,01,02.1997 - 11.1998,EJ20E.A/S +LX.AT.EJ20E +EJ25D,NO.2,EJ25D,95%+ only after the donor is from the same BG/B11 production range and the OEM/stamped part number matches.,"Confirm donor frame/engine, same OEM number or supersession, production date, side/trim, and physical connector/mounting match."
421,Engine Mounting Cooling,FUEL TANK,42037C*A,CLAMP-HOSE,42038AA300,01,02.1997 - 11.1998,EJ20E.A/S +LX.AT.EJ20E +EJ25D,NO.3,EJ25D,95%+ only after the donor is from the same BG/B11 production range and the OEM/stamped part number matches.,"Confirm donor frame/engine, same OEM number or supersession, production date, side/trim, and physical connector/mounting match."
421,Engine Mounting Cooling,FUEL TANK,42043*A,CUSHION-FUEL TANK,42031AA100,02,02.1997 - 11.1998,EJ20E.A/S +LX.AT.EJ20E +EJ25D,NO.1,EJ25D,95%+ only after the donor is from the same BG/B11 production range and the OEM/stamped part number matches.,"Confirm donor frame/engine, same OEM number or supersession, production date, side/trim, and physical connector/mounting match."
421,Engine Mounting Cooling,FUEL TANK,42075O*A,HOSE-FUEL,42162AA060,01,02.1997 - 11.1998,EJ20E.A/S +LX.AT.EJ20E +EJ25D,NO.3,EJ25D,95%+ only after the donor is from the same BG/B11 production range and the OEM/stamped part number matches.,"Confirm donor frame/engine, same OEM number or supersession, production date, side/trim, and physical connector/mounting match."
421,Engine Mounting Cooling,FUEL TANK,42057,PLATE-ROLL OVER VALVE,42063AC000,02,02.1997 - 11.1998,EJ20E.A/S +LX.AT.EJ20E +EJ25D,,EJ25D,95%+ only after the donor is from the same BG/B11 production range and the OEM/stamped part number matches.,"Confirm donor frame/engine, same OEM number or supersession, production date, side/trim, and physical connector/mounting match."
421,Engine Mounting Cooling,FUEL TANK,42004,CLIP,42154AA050,02,02.1997 - 11.1998,EJ20E.A/S +LX.AT.EJ20E +EJ25D,,EJ25D,95%+ only after the donor is from the same BG/B11 production range and the OEM/stamped part number matches.,"Confirm donor frame/engine, same OEM number or supersession, production date, side/trim, and physical connector/mounting match."
421,Engine Mounting Cooling,FUEL TANK,42084I,VALVE-FUEL CUT,42084AC010,02,02.1997 - 11.1998,EJ20E.A/S +LX.AT.EJ20E +EJ25D,,EJ25D,95%+ only after the donor is from the same BG/B11 production range and the OEM/stamped part number matches.,"Confirm donor frame/engine, same OEM number or supersession, production date, side/trim, and physical connector/mounting match."
421,Engine Mounting Cooling,FUEL TANK,42025C,PACKING-VALVE,42060AC000,02,02.1997 - 11.1998,EJ20E.A/S +LX.AT.EJ20E +EJ25D,,EJ25D,95%+ only after the donor is from the same BG/B11 production range and the OEM/stamped part number matches.,"Confirm donor frame/engine, same OEM number or supersession, production date, side/trim, and physical connector/mounting match."
421,Engine Mounting Cooling,FUEL TANK,42004D,"CLIP,CABLE",42154AA020,01,02.1997 - 11.1998,EJ20E.A/S +LX.AT.EJ20E +EJ25D,,EJ25D,95%+ only after the donor is from the same BG/B11 production range and the OEM/stamped part number matches.,"Confirm donor frame/engine, same OEM number or supersession, production date, side/trim, and physical connector/mounting match."
421,Engine Mounting Cooling,FUEL TANK,42075T,HOSE-AIR BREATHER,42162AA070,01,02.1997 - 11.1998,EJ20E.A/S +LX.AT.EJ20E +EJ25D,,EJ25D,95%+ only after the donor is from the same BG/B11 production range and the OEM/stamped part number matches.,"Confirm donor frame/engine, same OEM number or supersession, production date, side/trim, and physical connector/mounting match."
421,Engine Mounting Cooling,FUEL TANK,42037C*B,CLAMP-HOSE,42038AA170,01,02.1997 - 11.1998,EJ20E.A/S +LX.AT.EJ20E +EJ25D,NO.2,EJ25D,95%+ only after the donor is from the same BG/B11 production range and the OEM/stamped part number matches.,"Confirm donor frame/engine, same OEM number or supersession, production date, side/trim, and physical connector/mounting match."
421,Engine Mounting Cooling,FUEL TANK,W18601,CLIP,909186010,03,02.1997 - 11.1998,EJ20E.A/S +LX.AT.EJ20E +EJ25D,,EJ25D,95%+ only after the donor is from the same BG/B11 production range and the OEM/stamped part number matches.,"Confirm donor frame/engine, same OEM number or supersession, production date, side/trim, and physical connector/mounting match."
421,Engine Mounting Cooling,FUEL TANK,42008Q,PACKING-FUEL UNIT,85125AA000,01,02.1997 - 11.1998,F4W.(EJ20E+EJ25D),,EJ25D,95%+ only after the donor is from the same BG/B11 production range and the OEM/stamped part number matches.,"Confirm donor frame/engine, same OEM number or supersession, production date, side/trim, and physical connector/mounting match."
421,Engine Mounting Cooling,FUEL TANK,42081A,METER UNIT ASSEMBLY-FUEL SUB,85111AC012,02,02.1997 - 11.1998,F4W.(EJ20E+EJ25D),,EJ25D,95%+ only after the donor is from the same BG/B11 production range and the OEM/stamped part number matches.,"Confirm donor frame/engine, same OEM number or supersession, production date, side/trim, and physical connector/mounting match."
421,Engine Mounting Cooling,FUEL TANK,42010,TANK COMPLETE-FUEL,42120AC070,01,02.1997 - 11.1998,EJ20E.A/S +EJ25D,,EJ25D,95%+ only after the donor is from the same BG/B11 production range and the OEM/stamped part number matches.,"Confirm donor frame/engine, same OEM number or supersession, production date, side/trim, and physical connector/mounting match."
421,Engine Mounting Cooling,FUEL TANK,42072,FILTER-FUEL TANK,42072AA120,01,02.1997 - 11.1998,EJ20E.A/S +LX.AT.EJ20E +EJ25D,,EJ25D,95%+ only after the donor is from the same BG/B11 production range and the OEM/stamped part number matches.,"Confirm donor frame/engine, same OEM number or supersession, production date, side/trim, and physical connector/mounting match."
421,Engine Mounting Cooling,FUEL TANK,42037B*D,CLAMP-PIPE,42038FA010,02,02.1997 - 11.1998,EJ20E.A/S +LX.AT.EJ20E +EJ25D,NO.4,EJ25D,95%+ only after the donor is from the same BG/B11 production range and the OEM/stamped part number matches.,"Confirm donor frame/engine, same OEM number or supersession, production date, side/trim, and physical connector/mounting match."
421,Engine Mounting Cooling,FUEL TANK,42037B*C,CLAMP-PIPE,42038AA110,01,02.1997 - 11.1998,EJ20E.A/S +LX.AT.EJ20E +EJ25D,NO.2,EJ25D,95%+ only after the donor is from the same BG/B11 production range and the OEM/stamped part number matches.,"Confirm donor frame/engine, same OEM number or supersession, production date, side/trim, and physical connector/mounting match."
421,Engine Mounting Cooling,FUEL TANK,42037B*A,CLAMP-PIPE,42038AA190,01,02.1997 - 11.1998,EJ20E.A/S +LX.AT.EJ20E +EJ25D,NO.3,EJ25D,95%+ only after the donor is from the same BG/B11 production range and the OEM/stamped part number matches.,"Confirm donor frame/engine, same OEM number or supersession, production date, side/trim, and physical connector/mounting match."
421,Engine Mounting Cooling,FUEL TANK,42037B*B,CLAMP-PIPE,42038AA100,02,02.1997 - 11.1998,EJ20E.A/S +LX.AT.EJ20E +EJ25D,NO.1,EJ25D,95%+ only after the donor is from the same BG/B11 production range and the OEM/stamped part number matches.,"Confirm donor frame/engine, same OEM number or supersession, production date, side/trim, and physical connector/mounting match."
450,Engine Mounting Cooling,ENGINE COOLING,45162G,HOSE-RADIATOR INLET,45167AA020,01,02.1997 - 11.1998,2W.MT.(EJ18E+EJ20E) +LX.EJ20E.A/S +MT.EJ25D,,EJ18E;EJ25D,95%+ only after the donor is from the same BG/B11 production range and the OEM/stamped part number matches.,"Confirm donor frame/engine, same OEM number or supersession, production date, side/trim, and physical connector/mounting match."
450,Engine Mounting Cooling,ENGINE COOLING,45125,AIR PLUG-RADIATOR,45124AC000,01,02.1997 - 11.1998,2W.MT.(EJ18E+EJ20E) +LX.EJ20E.A/S +MT.EJ25D,,EJ18E;EJ25D,95%+ only after the donor is from the same BG/B11 production range and the OEM/stamped part number matches.,"Confirm donor frame/engine, same OEM number or supersession, production date, side/trim, and physical connector/mounting match."
450,Engine Mounting Cooling,ENGINE COOLING,45167,PACKING-RADIATOR,745128040,01,02.1997 - 11.1998,2W.MT.(EJ18E+EJ20E) +LX.EJ20E.A/S +MT.EJ25D,,EJ18E;EJ25D,95%+ only after the donor is from the same BG/B11 production range and the OEM/stamped part number matches.,"Confirm donor frame/engine, same OEM number or supersession, production date, side/trim, and physical connector/mounting match."
450,Engine Mounting Cooling,ENGINE COOLING,45117,COCK DRAIN,745124051,01,02.1997 - 11.1998,2W.MT.(EJ18E+EJ20E) +LX.EJ20E.A/S +MT.EJ25D,,EJ18E;EJ25D,95%+ only after the donor is from the same BG/B11 production range and the OEM/stamped part number matches.,"Confirm donor frame/engine, same OEM number or supersession, production date, side/trim, and physical connector/mounting match."
450,Engine Mounting Cooling,ENGINE COOLING,91612A,LABEL-RADIATOR,91551AA041,01,02.1997 - 11.1998,2W.MT.(EJ18E+EJ20E) +LX.EJ20E.A/S +MT.EJ25D,,EJ18E;EJ25D,95%+ only after the donor is from the same BG/B11 production range and the OEM/stamped part number matches.,"Confirm donor frame/engine, same OEM number or supersession, production date, side/trim, and physical connector/mounting match."
450,Engine Mounting Cooling,ENGINE COOLING,45137,CAP ASSEMBLY-RADIATOR,45113GA022,01,02.1997 - 11.1998,2W.MT.(EJ18E+EJ20E) +LX.EJ20E.A/S +MT.EJ25D,,EJ18E;EJ25D,95%+ only after the donor is from the same BG/B11 production range and the OEM/stamped part number matches.,"Confirm donor frame/engine, same OEM number or supersession, production date, side/trim, and physical connector/mounting match."
450,Engine Mounting Cooling,ENGINE COOLING,45162H,HOSE-RADIATOR OUTLET,45167AA030,01,02.1997 - 11.1998,2W.MT.(EJ18E+EJ20E) +LX.EJ20E.A/S +25.MT.EJ25D,,EJ18E;EJ25D,95%+ only after the donor is from the same BG/B11 production range and the OEM/stamped part number matches.,"Confirm donor frame/engine, same OEM number or supersession, production date, side/trim, and physical connector/mounting match."
600,Door Parts,FRONT DOOR PANEL,60010,"PANEL ASSEMBLY-FRONT DOOR,RIGHT",61101AC000,01,02.1997 - 11.1998,EUR.RUSTPROOF,S.(EJ20E+EJ25D) +W,EJ25D,95%+ only after the donor is from the same BG/B11 production range and the OEM/stamped part number matches.,"Confirm donor frame/engine, same OEM number or supersession, production date, side/trim, and physical connector/mounting match."
600,Door Parts,FRONT DOOR PANEL,60010A,"PANEL ASSEMBLY-FRONT DOOR,LEFT",61101AC010,01,02.1997 - 11.1998,EUR.RUSTPROOF,S.(EJ20E+EJ25D) +W,EJ25D,95%+ only after the donor is from the same BG/B11 production range and the OEM/stamped part number matches.,"Confirm donor frame/engine, same OEM number or supersession, production date, side/trim, and physical connector/mounting match."
645,Seat Instrument Panel,FRONT SEAT BELT,64786C,"BOLT & WASHER ASSEMBLY-BELT,REAR",64790PA070,02,02.1997 - 11.1998,S.EJ18E +S.F4W.(GL+25) +S.2W.GL.AT.EJ20E +W.F4W.(LX+GL+25+OBK) +W.2W.AT,,EJ18E,95%+ only after the donor is from the same BG/B11 production range and the OEM/stamped part number matches.,"Confirm donor frame/engine, same OEM number or supersession, production date, side/trim, and physical connector/mounting match."
645,Seat Instrument Panel,FRONT SEAT BELT,64610A,"SEAT BELT SET-FRONT,RIGHT",64619AC500MU,01,02.1997 - 11.1998,S.EJ18E +S.F4W.(GL+25) +S.2W.GL.AT.EJ20E +W.F4W.(LX+GL+25+OBK) +W.2W.AT,E*,EJ18E,95%+ only after the donor is from the same BG/B11 production range and the OEM/stamped part number matches.,"Confirm donor frame/engine, same OEM number or supersession, production date, side/trim, and physical connector/mounting match."
645,Seat Instrument Panel,FRONT SEAT BELT,64610B,"SEAT BELT SET-FRONT,LEFT",64619AC510MU,01,02.1997 - 11.1998,S.EJ18E +S.F4W.(GL+25) +S.2W.GL.AT.EJ20E +W.F4W.(LX+GL+25+OBK) +W.2W.AT,E*,EJ18E,95%+ only after the donor is from the same BG/B11 production range and the OEM/stamped part number matches.,"Confirm donor frame/engine, same OEM number or supersession, production date, side/trim, and physical connector/mounting match."
660,Seat Instrument Panel,INSTRUMENT PANEL,66040A,PAD & FRAME-INSTRUMENT PANEL,66312AC040ML,01,,S.2W.LX.MT.EJ18E +S.(EJ20E+EJ25D) +W.LX.MT.N/S +W.(GL+OBK) +W.25.N/S,EXC.A/B,EJ18E;EJ25D,95%+ only after the donor is from the same BG/B11 production range and the OEM/stamped part number matches.,"Confirm donor frame/engine, same OEM number or supersession, production date, side/trim, and physical connector/mounting match."
660,Seat Instrument Panel,INSTRUMENT PANEL,66040A,PAD & FRAME-INSTRUMENT PANEL,66312AC030ML,01,,*S.AT.EJ18E +S.GL.MT.EJ20E +W.(GL+OBK) +W.25.MT +W.25.A/S,L/J FOR A/B,EJ18E,95%+ only after the donor is from the same BG/B11 production range and the OEM/stamped part number matches.,"Confirm donor frame/engine, same OEM number or supersession, production date, side/trim, and physical connector/mounting match."
822,Body Electrical 1,FUSE BOX,82201,JOINT BOX ASSEMBLY,82202AC051,01,02.1997 - 11.1998,,*S.2W.GL.AT.EJ18E +S.2W.EJ20E +S.25 +W.F4W.LX.MT.A/S +W.2W.GL +W.(25+OBK).N/S,EJ18E,95%+ only after the donor is from the same BG/B11 production range and the OEM/stamped part number matches.,"Confirm donor frame/engine, same OEM number or supersession, production date, side/trim, and physical connector/mounting match."
822,Body Electrical 1,FUSE BOX,82243C,COVER-JOINT BOX,82212AC051,01,02.1997 - 11.1998,,*S.2W.GL.AT.EJ18E +S.2W.EJ20E +S.25 +W.F4W.LX.MT.A/S +W.2W.GL +W.(25+OBK).N/S,EJ18E,95%+ only after the donor is from the same BG/B11 production range and the OEM/stamped part number matches.,"Confirm donor frame/engine, same OEM number or supersession, production date, side/trim, and physical connector/mounting match."
830,Body Electrical 1,SWITCH (INSTRUMENT PANEL),83041A,SWITCH-FOG LIGHT REAR,83001AC030,01,02.1997 - 11.1998,S.EJ18E +S.F4W.(GL+25) +S.2W.GL.AT.EJ20E +W.F4W.(LX+GL+25+OBK) +W.2W.AT,E*,EJ18E,95%+ only after the donor is from the same BG/B11 production range and the OEM/stamped part number matches.,"Confirm donor frame/engine, same OEM number or supersession, production date, side/trim, and physical connector/mounting match."
